review_date,review_rating
2025-12-23 16:30:14,3.0
2025-12-21 16:58:30,5.0
2025-12-17 15:24:17,5.0
2025-12-17 06:03:15,4.0
2025-12-14 14:07:20,4.0
2025-12-11 16:51:09,4.0
2025-12-07 18:23:08,5.0
2025-12-04 05:10:47,3.0
2025-12-03 15:57:34,4.0
2025-12-02 07:05:43,4.0
2025-11-30 12:40:17,5.0
2025-11-28 14:59:13,5.0
2025-11-28 09:31:21,2.0
2025-11-28 06:09:45,5.0
2025-11-28 06:03:31,5.0
2025-11-25 04:19:37,3.0
2025-11-25 04:18:17,3.0
2025-11-25 04:17:29,1.0
2025-11-25 04:15:18,3.0
2025-11-25 04:11:28,5.0
2025-11-25 04:11:07,3.0
2025-11-25 04:10:47,3.0
2025-11-25 04:10:45,1.0
2025-11-25 04:10:37,3.0
2025-11-25 04:00:55,5.0
2025-11-21 12:16:30,3.0
2025-11-20 11:28:44,5.0
2025-11-16 14:05:02,5.0
2025-11-16 13:31:37,5.0
2025-11-15 16:01:38,5.0
2025-11-14 14:24:16,4.0
2025-11-13 15:52:15,4.0
2025-11-12 09:49:42,5.0
2025-11-12 09:41:51,5.0
2025-11-11 09:09:07,5.0
2025-11-11 06:44:02,5.0
2025-11-11 03:47:18,5.0
2025-11-11 03:47:09,5.0
2025-11-10 09:20:47,5.0
2025-11-10 07:31:34,5.0
2025-11-09 05:57:33,5.0
2025-11-09 05:22:58,4.0
2025-11-08 12:08:51,4.0
2025-11-08 11:56:52,5.0
2025-11-08 11:48:55,4.0
2025-11-08 04:57:21,5.0
2025-11-08 03:53:00,1.0
2025-11-07 13:14:29,5.0
2025-11-07 13:12:02,5.0
2025-11-07 12:27:12,5.0
2025-11-07 11:51:46,5.0
2025-11-07 11:44:39,4.0
2025-11-07 10:20:25,5.0
2025-11-07 10:06:40,5.0
2025-11-07 10:05:36,5.0
2025-11-06 10:06:26,5.0
2025-11-06 09:45:48,5.0
2025-11-06 08:41:05,5.0
2025-11-06 08:36:54,5.0
2025-11-06 08:33:30,5.0
2025-11-03 13:54:46,4.0
2025-10-27 14:52:24,5.0
2025-10-26 08:20:56,5.0
2025-10-25 11:39:35,5.0
2025-10-19 23:59:59,4.0
2025-10-19 11:33:15,4.0
2025-10-12 12:50:04,5.0
2025-10-08 03:02:40,5.0
2025-10-07 17:52:10,5.0
2025-10-05 15:22:02,3.0
2025-10-04 19:21:55,5.0
2025-09-30 14:13:21,5.0
2025-09-29 09:59:37,5.0
2025-09-29 08:33:41,5.0
2025-09-27 21:09:24,4.0
2025-09-21 17:43:40,5.0
2025-09-21 13:44:51,5.0
2025-09-21 13:17:07,5.0
2025-09-21 13:12:54,4.0
2025-09-21 13:09:20,5.0
2025-09-21 13:06:09,5.0
2025-09-21 13:01:59,5.0
2025-09-21 12:58:53,5.0
2025-09-21 12:56:56,5.0
2025-09-21 12:52:08,5.0
2025-09-21 12:50:39,5.0
2025-09-21 12:47:48,5.0
2025-09-21 12:47:41,5.0
2025-09-21 12:42:36,5.0
2025-09-21 12:41:03,4.0
2025-09-21 12:40:37,5.0
2025-09-21 12:40:35,5.0
2025-09-21 12:39:33,5.0
2025-09-21 12:39:31,5.0
2025-09-21 12:38:49,5.0
2025-09-21 12:38:22,5.0
2025-09-21 12:37:14,5.0
2025-09-21 12:36:36,5.0
2025-09-21 12:36:03,5.0
2025-09-21 12:35:25,5.0
2025-09-19 07:22:22,5.0
2025-09-19 05:08:26,5.0
2025-09-19 05:08:04,5.0
2025-09-17 02:16:37,5.0
2025-09-16 16:29:50,5.0
2025-09-14 14:21:13,4.0
2025-09-14 01:17:12,3.0
2025-09-11 09:24:00,4.0
2025-09-07 16:10:10,4.0
2025-09-07 08:32:22,5.0
2025-09-04 08:01:49,5.0
2025-09-03 08:03:58,5.0
2025-08-30 04:23:37,5.0
2025-08-29 13:51:05,5.0
2025-08-27 02:15:04,5.0
2025-08-25 18:15:05,5.0
2025-08-24 16:51:11,4.0
2025-08-22 14:01:02,5.0
2025-08-22 11:59:54,3.0
2025-08-20 11:01:52,5.0
2025-08-20 07:41:23,5.0
2025-08-19 02:35:47,3.0
2025-08-17 17:01:53,5.0
2025-08-17 01:27:53,5.0
2025-08-16 05:29:46,5.0
2025-08-15 15:43:53,4.0
2025-08-14 12:19:11,5.0
2025-08-14 12:12:47,5.0
2025-08-11 15:46:20,5.0
2025-08-10 17:14:30,4.0
2025-08-06 11:07:01,3.0
2025-08-03 06:46:59,5.0
2025-07-31 04:36:12,4.0
2025-07-30 17:46:58,4.0
2025-07-30 08:54:42,5.0
2025-07-29 10:08:00,5.0
2025-07-26 09:50:33,5.0
2025-07-26 08:52:14,1.0
2025-07-24 06:07:24,4.0
2025-07-21 18:46:45,1.0
2025-07-20 10:09:48,1.0
2025-07-19 21:44:39,4.0
2025-07-17 07:56:29,5.0
2025-07-16 23:11:43,3.0
2025-07-16 20:41:53,3.0
2025-07-16 01:57:33,4.0
2025-07-15 15:26:59,1.0
2025-07-13 08:09:34,1.0
2025-07-11 14:39:36,4.0
2025-07-11 07:18:56,3.0
2025-07-10 01:15:51,1.0
2025-07-08 16:33:44,5.0
2025-07-08 15:23:59,4.0
2025-07-08 02:37:06,4.0
2025-07-05 15:41:29,3.0
2025-07-01 08:56:06,2.0
2025-06-29 07:33:09,4.0
2025-06-29 07:13:35,5.0
2025-06-27 18:39:47,5.0
2025-06-25 14:12:17,3.0
2025-06-22 08:08:08,1.0
2025-06-21 06:53:32,5.0
2025-06-20 01:11:06,5.0
2025-06-18 12:43:35,3.0
2025-06-18 08:28:15,4.0
2025-06-17 13:31:49,3.0
2025-06-15 13:37:37,4.0
2025-06-15 06:30:25,4.0
2025-06-13 08:07:24,5.0
2025-06-12 08:46:38,4.0
2025-06-11 09:51:10,4.0
2025-06-11 03:36:26,4.0
2025-06-10 04:07:48,4.0
2025-06-08 17:38:00,5.0
2025-06-05 02:44:07,4.0
2025-06-04 06:52:06,4.0
2025-06-03 17:46:09,4.0
2025-06-03 12:49:41,1.0
2025-06-03 09:06:22,5.0
2025-06-02 17:18:07,5.0
2025-06-01 07:20:25,5.0
2025-05-31 18:57:44,4.0
2025-05-31 14:08:03,5.0
2025-05-29 03:51:59,4.0
2025-05-28 09:57:55,5.0
2025-05-27 03:36:49,5.0
2025-05-26 07:29:09,5.0
2025-05-25 16:35:35,5.0
2025-05-22 05:02:38,4.0
2025-05-20 07:08:59,1.0
2025-05-18 13:26:06,5.0
2025-05-18 04:50:05,3.0
2025-05-17 08:03:07,5.0
2025-05-16 08:06:53,4.0
2025-05-15 15:18:41,5.0
2025-05-15 04:14:57,5.0
2025-05-14 07:28:03,5.0
2025-05-08 01:29:59,5.0
2025-05-06 12:47:46,4.0
2025-05-06 12:45:20,1.0
2025-05-06 07:01:28,4.0
2025-05-05 10:56:17,4.0
2025-05-04 05:40:24,5.0
2025-05-03 08:30:55,5.0
2025-05-02 19:25:49,3.0
2025-05-02 02:04:32,5.0
2025-04-30 16:03:37,4.0
2025-04-30 12:47:30,1.0
2025-04-29 00:58:43,3.0
2025-04-27 12:40:28,5.0
2025-04-27 02:04:16,4.0
2025-04-26 11:18:47,4.0
2025-04-24 11:11:00,4.0
2025-04-20 13:34:59,4.0
2025-04-20 01:34:00,5.0
2025-04-19 07:34:44,5.0
2025-04-19 02:45:07,5.0
2025-04-14 08:16:36,4.0
2025-04-13 13:19:01,3.0
2025-04-11 14:36:07,4.0
2025-04-05 16:27:55,4.0
2025-04-05 12:12:42,5.0
2025-04-03 11:18:40,2.0
2025-04-01 15:38:52,1.0
2025-03-31 14:01:39,4.0
2025-03-31 02:51:50,5.0
2025-03-30 06:15:25,5.0
2025-03-29 17:04:06,1.0
2025-03-28 13:31:17,5.0
2025-03-28 06:56:53,5.0
2025-03-27 17:23:18,5.0
2025-03-26 09:29:26,5.0
2025-03-25 16:14:36,4.0
2025-03-24 13:23:35,1.0
2025-03-20 13:15:29,5.0
2025-03-18 15:25:53,1.0
2025-03-17 03:45:27,4.0
2025-03-14 08:09:26,5.0
2025-03-12 17:24:38,1.0
2025-03-10 10:24:15,3.0
2025-03-05 15:28:00,5.0
2025-03-04 15:43:41,5.0
2025-03-04 09:50:08,5.0
2025-02-26 03:42:05,3.0
2025-02-25 14:36:20,5.0
2025-02-23 06:08:28,3.0
2025-02-19 13:02:45,4.0
2025-02-18 05:12:11,3.0
2025-02-15 01:51:21,2.0
2025-02-13 14:43:51,5.0
2025-02-13 03:19:38,3.0
2025-02-06 08:18:17,5.0
2025-01-29 11:28:00,4.0
2025-01-29 07:33:14,5.0
2025-01-27 04:57:45,1.0
2025-01-26 19:13:31,3.0
2025-01-23 14:52:47,5.0
2025-01-23 10:41:25,3.0
2025-01-22 04:11:02,3.0
2025-01-19 06:52:37,5.0
2025-01-19 01:41:15,4.0
2025-01-18 18:28:31,4.0
2025-01-18 15:21:37,5.0
2025-01-18 10:41:15,4.0
2025-01-17 11:28:00,4.0
2025-01-17 02:29:32,5.0
2025-01-16 15:47:26,5.0
2025-01-14 18:12:44,4.0
2025-01-12 15:57:52,4.0
2025-01-05 13:30:40,5.0
2025-01-05 01:20:37,5.0
2025-01-04 15:57:37,4.0
2025-01-03 15:49:42,4.0
2025-01-03 12:45:43,5.0
2025-01-01 10:52:02,3.0
2024-12-30 09:59:14,4.0
2024-12-27 07:37:50,5.0
2024-12-26 14:02:17,5.0
2024-12-26 05:46:56,5.0
2024-12-24 08:39:21,3.0
2024-12-23 09:17:16,4.0
2024-12-23 03:49:45,2.0
2024-12-20 20:03:08,5.0
2024-12-18 09:09:25,3.0
2024-12-15 07:44:21,3.0
2024-12-14 01:17:39,4.0
2024-12-11 08:20:05,4.0
2024-12-10 00:34:13,5.0
2024-12-06 00:40:47,4.0
2024-12-05 17:00:31,3.0
2024-12-05 11:33:28,5.0
2024-12-04 13:13:49,4.0
2024-12-01 04:38:11,4.0
2024-11-30 08:42:54,3.0
2024-11-26 14:01:05,5.0
2024-11-22 09:53:11,5.0
2024-11-18 10:00:30,4.0
2024-11-18 07:35:50,5.0
2024-11-12 08:41:45,5.0
2024-11-09 16:22:04,5.0
2024-11-09 08:49:48,2.0
2024-11-06 18:11:49,3.0
2024-11-06 15:24:31,5.0
2024-10-31 15:52:34,5.0
2024-10-29 15:25:28,5.0
2024-10-29 15:18:11,5.0
2024-10-28 16:13:50,5.0
2024-10-23 17:50:29,4.0
2024-10-23 17:08:31,1.0
2024-10-22 09:10:31,4.0
2024-10-22 07:34:07,5.0
2024-10-22 04:27:14,5.0
2024-10-21 07:53:03,5.0
2024-10-21 05:44:14,5.0
2024-10-20 07:08:38,4.0
2024-10-19 05:48:26,3.0
2024-10-18 16:11:41,5.0
2024-10-14 09:47:35,5.0
2024-10-12 18:35:17,4.0
2024-10-09 12:13:54,5.0
2024-10-08 08:55:19,5.0
2024-10-07 01:57:59,5.0
2024-10-06 17:40:12,3.0
2024-10-06 08:27:54,4.0
2024-10-05 10:56:28,1.0
2024-10-04 12:32:50,4.0
2024-10-03 02:13:01,4.0
2024-10-01 13:16:40,4.0
2024-10-01 09:31:20,5.0
2024-10-01 06:13:23,5.0
2024-10-01 05:04:17,3.0
2024-09-28 11:59:58,4.0
2024-09-26 12:44:51,3.0
2024-09-25 06:52:13,4.0
2024-09-25 03:30:46,3.0
2024-09-22 03:42:45,5.0
2024-09-19 04:45:01,5.0
2024-09-18 21:15:40,5.0
2024-09-14 10:50:35,1.0
2024-09-12 16:43:34,4.0
2024-09-11 08:51:33,5.0
2024-09-10 17:24:28,5.0
2024-09-08 19:48:13,4.0
2024-09-08 09:57:16,4.0
2024-09-06 09:17:37,4.0
2024-09-01 01:20:02,5.0
2024-08-31 12:43:43,5.0
2024-08-31 04:45:40,5.0
2024-08-30 08:16:10,5.0
2024-08-29 13:17:08,4.0
2024-08-28 11:25:56,4.0
2024-08-28 09:31:32,4.0
2024-08-26 10:35:04,4.0
2024-08-24 16:42:02,1.0
2024-08-24 15:54:46,4.0
2024-08-24 05:29:05,5.0
2024-08-23 06:39:51,5.0
2024-08-17 14:58:17,4.0
2024-08-14 13:31:11,5.0
2024-08-14 08:46:20,5.0
2024-08-14 08:33:53,5.0
2024-08-10 12:29:10,4.0
2024-08-10 08:11:50,5.0
2024-08-09 08:59:19,5.0
2024-08-07 03:25:59,5.0
2024-08-05 06:36:42,1.0
2024-08-04 15:20:18,4.0
2024-08-03 16:00:27,2.0
2024-08-03 13:08:27,4.0
2024-07-29 17:54:18,5.0
2024-07-27 15:49:19,4.0
2024-07-24 04:25:03,4.0
2024-07-21 09:38:51,3.0
2024-07-19 06:48:09,4.0
2024-07-18 09:47:23,5.0
2024-07-18 05:43:43,5.0
2024-07-18 04:54:09,5.0
2024-07-16 07:39:04,1.0
2024-07-15 05:24:54,4.0
2024-07-14 14:48:50,3.0
2024-07-13 11:02:07,4.0
2024-07-13 07:18:12,5.0
2024-07-13 06:40:21,5.0
2024-07-13 05:42:03,5.0
2024-07-13 01:21:52,3.0
2024-07-10 08:47:49,5.0
2024-07-10 08:00:17,5.0
2024-07-10 04:32:49,3.0
2024-07-09 11:10:55,5.0
2024-07-08 08:28:21,1.0
2024-07-07 03:30:05,4.0
2024-07-06 06:41:38,4.0
2024-07-04 11:04:54,4.0
2024-07-03 04:13:04,4.0
2024-06-28 15:28:48,5.0
2024-06-25 16:24:56,3.0
2024-06-25 11:22:44,3.0
2024-06-25 10:55:20,5.0
2024-06-25 04:15:41,3.0
2024-06-24 10:06:40,5.0
2024-06-24 01:46:56,4.0
2024-06-17 09:52:20,5.0
2024-06-16 08:29:18,1.0
2024-06-11 04:29:49,4.0
2024-06-10 16:06:09,5.0
2024-06-09 09:50:29,5.0
2024-06-07 05:30:38,4.0
2024-06-04 12:53:25,5.0
2024-06-04 11:03:31,5.0
2024-06-03 08:49:50,5.0
2024-06-01 15:15:01,5.0
2024-05-31 16:21:27,1.0
2024-05-29 03:42:21,5.0
2024-05-25 19:31:16,3.0
2024-05-24 05:20:48,3.0
2024-05-22 16:36:08,2.0
2024-05-22 00:23:53,5.0
2024-05-16 13:26:42,4.0
2024-05-15 12:45:28,5.0
2024-05-15 06:10:46,5.0
2024-05-09 08:50:45,1.0
2024-05-08 04:39:08,4.0
2024-05-06 04:03:00,3.0
2024-05-04 09:26:37,4.0
2024-05-01 08:00:55,1.0
2024-04-26 18:07:34,5.0
2024-04-24 02:18:18,4.0
2024-04-21 13:29:19,4.0
2024-04-20 05:39:37,4.0
2024-04-19 12:44:29,4.0
2024-04-18 08:43:31,4.0
2024-04-18 08:02:13,2.0
2024-04-17 07:23:40,4.0
2024-04-16 06:54:53,4.0
2024-04-16 05:52:52,5.0
2024-04-12 19:41:34,4.0
2024-04-11 17:45:12,5.0
2024-04-10 21:46:57,5.0
2024-04-10 12:22:55,5.0
2024-04-07 13:57:46,3.0
2024-04-07 09:04:59,5.0
2024-04-05 13:05:37,3.0
2024-04-04 08:45:40,5.0
2024-04-03 09:55:44,5.0
2024-04-01 12:51:08,5.0
2024-04-01 03:53:55,4.0
2024-03-31 10:40:28,1.0
2024-03-31 06:15:26,4.0
2024-03-30 01:49:25,4.0
2024-03-29 17:16:53,5.0
2024-03-29 09:46:51,1.0
2024-03-29 08:02:20,5.0
2024-03-29 02:47:54,5.0
2024-03-28 17:50:49,5.0
2024-03-28 08:27:35,4.0
2024-03-28 06:27:00,5.0
2024-03-28 05:53:15,5.0
2024-03-28 05:44:28,4.0
2024-03-27 15:03:51,5.0
2024-03-26 08:23:04,4.0
2024-03-25 19:34:12,5.0
2024-03-25 04:18:53,5.0
2024-03-24 09:54:50,2.0
2024-03-24 06:12:25,1.0
2024-03-23 13:52:44,5.0
2024-03-22 12:09:12,4.0
2024-03-22 06:49:33,5.0
2024-03-20 16:26:09,5.0
2024-03-20 03:27:49,1.0
2024-03-19 07:49:17,1.0
2024-03-18 15:37:01,4.0
2024-03-16 09:54:08,5.0
2024-03-15 11:21:57,4.0
2024-03-13 22:42:43,3.0
2024-03-13 16:55:13,5.0
2024-03-13 13:08:13,3.0
2024-03-12 13:06:15,3.0
2024-03-12 04:33:32,3.0
2024-03-11 09:35:07,4.0
2024-03-11 00:50:49,2.0
2024-03-10 07:42:27,3.0
2024-03-09 09:33:19,4.0
2024-03-09 00:05:07,5.0
2024-03-07 14:35:49,2.0
2024-03-04 11:24:14,1.0
2024-03-04 09:34:19,5.0
2024-02-28 03:48:03,4.0
2024-02-26 07:46:35,3.0
2024-02-24 06:21:06,5.0
2024-02-24 02:54:43,2.0
2024-02-23 12:07:22,4.0
2024-02-23 04:34:01,4.0
2024-02-20 07:55:23,4.0
2024-02-19 11:44:14,5.0
2024-02-17 13:43:09,5.0
2024-02-17 03:05:17,5.0
2024-02-16 09:25:52,4.0
2024-02-16 05:49:06,3.0
2024-02-15 07:33:12,1.0
2024-02-14 10:48:58,4.0
2024-02-13 07:58:58,4.0
2024-02-13 07:54:49,4.0
2024-02-12 06:39:38,3.0
2024-02-10 16:37:17,4.0
2024-02-08 12:47:36,5.0
2024-02-08 03:16:44,3.0
2024-02-07 23:36:43,5.0
2024-02-05 12:49:56,1.0
2024-02-05 05:32:32,4.0
2024-02-05 05:20:34,5.0
2024-02-03 10:02:54,5.0
2024-02-02 10:10:02,4.0
2024-02-01 10:39:41,4.0
2024-01-30 08:42:58,4.0
2024-01-29 11:59:20,5.0
2024-01-28 09:31:58,5.0
2024-01-27 09:47:19,5.0
2024-01-26 16:33:35,4.0
2024-01-26 12:53:10,5.0
2024-01-24 17:23:20,5.0
2024-01-23 14:19:08,3.0
2024-01-22 13:55:02,3.0
2024-01-21 20:08:46,3.0
2024-01-21 13:15:29,1.0
2024-01-19 11:55:17,3.0
2024-01-19 04:51:40,4.0
2024-01-18 16:04:37,5.0
2024-01-17 09:19:13,5.0
2024-01-17 03:17:46,5.0
2024-01-16 03:42:58,5.0
2024-01-15 10:42:03,4.0
2024-01-15 04:39:02,3.0
2024-01-14 01:52:01,5.0
2024-01-13 01:37:11,4.0
2024-01-12 20:27:10,5.0
2024-01-11 04:37:35,5.0
2024-01-09 09:13:50,2.0
2024-01-08 13:01:33,5.0
2024-01-07 05:43:31,4.0
2024-01-03 17:00:43,1.0
2024-01-03 12:41:52,5.0
2024-01-03 02:59:19,3.0
2024-01-02 15:29:56,4.0
2024-01-02 15:08:31,5.0
2024-01-02 10:12:46,1.0
2024-01-02 07:20:35,5.0
2023-12-31 09:10:32,5.0
2023-12-30 09:10:22,5.0
2023-12-27 14:15:42,2.0
2023-12-27 09:44:43,4.0
2023-12-26 11:40:44,3.0
2023-12-26 10:02:15,4.0
2023-12-25 06:41:08,4.0
2023-12-24 12:58:14,3.0
2023-12-24 12:55:59,4.0
2023-12-24 06:56:00,4.0
2023-12-24 04:29:34,5.0
2023-12-22 16:59:15,5.0
2023-12-21 16:49:56,5.0
2023-12-19 11:30:40,5.0
2023-12-18 01:25:34,4.0
2023-12-17 06:43:25,5.0
2023-12-17 04:40:18,5.0
2023-12-17 04:35:54,5.0
2023-12-17 04:32:01,5.0
2023-12-17 04:30:29,5.0
2023-12-17 04:26:30,5.0
2023-12-17 04:25:24,5.0
2023-12-17 04:22:53,5.0
2023-12-17 04:22:39,5.0
2023-12-17 04:20:54,5.0
2023-12-16 15:13:47,5.0
2023-12-13 03:00:32,4.0
2023-12-11 17:03:49,4.0
2023-12-10 08:29:42,3.0
2023-12-10 07:35:17,4.0
2023-12-07 17:36:57,5.0
2023-12-06 15:32:50,4.0
2023-12-04 06:03:56,5.0
2023-12-03 14:35:59,5.0
2023-12-03 09:57:02,5.0
2023-12-03 06:33:38,3.0
2023-11-28 13:43:31,5.0
2023-11-28 09:07:24,2.0
2023-11-28 08:06:50,3.0
2023-11-28 07:52:11,5.0
2023-11-25 04:58:25,5.0
2023-11-24 10:25:27,4.0
2023-11-23 08:17:26,3.0
2023-11-21 09:15:29,4.0
2023-11-19 10:58:10,4.0
2023-11-14 16:50:41,4.0
2023-11-14 08:37:38,4.0
2023-11-12 17:20:42,4.0
2023-11-12 02:38:27,4.0
2023-11-11 17:07:27,4.0
2023-11-07 05:49:41,5.0
2023-11-07 02:23:28,5.0
2023-11-05 22:32:18,5.0
2023-11-03 16:12:00,5.0
2023-11-03 07:49:22,5.0
2023-11-03 04:54:19,1.0
2023-11-02 17:28:40,3.0
2023-11-02 13:03:29,5.0
2023-10-30 13:24:26,5.0
2023-10-30 09:16:18,5.0
2023-10-29 08:52:29,5.0
2023-10-27 14:34:21,1.0
2023-10-26 18:37:26,5.0
2023-10-25 16:34:21,5.0
2023-10-25 02:46:37,1.0
2023-10-22 09:38:01,5.0
2023-10-21 10:49:26,2.0
2023-10-20 12:11:09,5.0
2023-10-19 03:02:48,5.0
2023-10-16 12:09:42,4.0
2023-10-16 03:50:29,4.0
2023-10-14 09:20:39,4.0
2023-10-12 09:29:31,5.0
2023-10-12 05:07:31,5.0
2023-10-11 03:04:00,4.0
2023-10-08 00:29:36,5.0
2023-10-07 15:08:54,5.0
2023-10-06 08:55:59,4.0
2023-10-05 08:44:19,4.0
2023-10-05 07:06:22,3.0
2023-10-04 09:25:04,5.0
2023-10-03 13:44:09,1.0
2023-10-03 11:45:46,5.0
2023-10-02 08:27:23,4.0
2023-10-01 11:40:48,5.0
2023-09-30 03:13:58,4.0
2023-09-29 03:15:22,5.0
2023-09-28 09:54:52,5.0
2023-09-28 09:38:24,1.0
2023-09-27 14:32:24,4.0
2023-09-26 11:25:03,5.0
2023-09-26 04:05:28,3.0
2023-09-24 11:56:31,5.0
2023-09-24 11:25:54,5.0
2023-09-24 11:09:21,5.0
2023-09-24 11:04:16,5.0
2023-09-24 11:02:11,5.0
2023-09-24 09:49:17,5.0
2023-09-24 05:28:50,5.0
2023-09-22 23:26:36,5.0
2023-09-21 19:00:41,4.0
2023-09-21 07:29:16,5.0
2023-09-17 14:51:59,5.0
2023-09-17 06:40:54,5.0
2023-09-15 05:22:21,3.0
2023-09-14 01:59:33,5.0
2023-09-11 09:02:24,1.0
2023-09-06 10:13:43,3.0
2023-09-04 17:51:06,5.0
2023-09-04 09:05:29,4.0
2023-08-31 08:41:04,5.0
2023-08-29 01:36:26,5.0
2023-08-27 11:16:15,4.0
2023-08-27 11:12:49,4.0
2023-08-27 05:38:09,2.0
2023-08-25 02:25:17,5.0
2023-08-24 19:37:56,5.0
2023-08-23 08:44:47,5.0
2023-08-22 06:44:28,5.0
2023-08-21 14:05:16,5.0
2023-08-21 08:37:24,5.0
2023-08-20 17:22:52,5.0
2023-08-20 03:37:14,5.0
2023-08-19 14:52:15,4.0
2023-08-17 08:13:40,1.0
2023-08-16 02:41:24,5.0
2023-08-15 14:03:01,5.0
2023-08-13 17:43:03,4.0
2023-08-13 11:46:26,4.0
2023-08-10 01:17:04,4.0
2023-08-09 07:04:39,3.0
2023-08-08 02:11:36,5.0
2023-08-07 02:09:59,1.0
2023-08-06 16:06:06,4.0
2023-08-06 09:03:06,1.0
2023-08-05 15:23:28,5.0
2023-08-05 12:43:06,3.0
2023-08-03 15:27:31,4.0
2023-08-01 13:34:41,5.0
2023-07-31 15:27:11,4.0
2023-07-29 02:38:18,3.0
2023-07-28 09:29:33,5.0
2023-07-28 03:04:03,5.0
2023-07-24 04:45:24,3.0
2023-07-23 12:00:07,5.0
2023-07-21 09:52:52,4.0
2023-07-19 15:23:31,5.0
2023-07-19 09:19:24,4.0
2023-07-18 11:41:43,3.0
2023-07-18 09:45:59,5.0
2023-07-18 07:11:24,4.0
2023-07-17 10:50:53,5.0
2023-07-15 11:01:13,3.0
2023-07-15 05:18:19,4.0
2023-07-11 03:52:19,2.0
2023-07-09 16:53:38,5.0
2023-07-09 15:24:29,3.0
2023-07-09 09:48:51,2.0
2023-07-09 09:14:12,5.0
2023-07-09 08:28:24,4.0
2023-07-07 09:52:08,5.0
2023-07-07 07:18:10,1.0
2023-07-07 02:44:03,5.0
2023-07-04 18:54:05,4.0
2023-07-03 18:56:46,5.0
2023-07-02 07:40:01,3.0
2023-07-01 01:05:05,5.0
2023-06-29 02:38:27,1.0
2023-06-28 03:11:10,3.0
2023-06-27 23:56:35,4.0
2023-06-27 16:48:47,3.0
2023-06-26 14:42:15,1.0
2023-06-26 09:45:41,5.0
2023-06-26 01:35:03,2.0
2023-06-25 09:34:48,4.0
2023-06-25 05:23:54,4.0
2023-06-24 17:06:48,3.0
2023-06-24 10:31:23,4.0
2023-06-24 07:01:03,1.0
2023-06-23 20:13:56,4.0
2023-06-23 14:06:06,3.0
2023-06-23 08:30:08,5.0
2023-06-23 05:17:33,4.0
2023-06-22 06:47:09,4.0
2023-06-21 09:50:23,1.0
2023-06-20 05:35:42,5.0
2023-06-20 01:27:56,4.0
2023-06-19 16:57:21,3.0
2023-06-18 12:18:46,5.0
2023-06-17 18:00:28,4.0
2023-06-13 12:06:36,2.0
2023-06-13 09:51:35,5.0
2023-06-12 10:53:21,5.0
2023-06-12 07:56:24,5.0
2023-06-11 04:58:33,3.0
2023-06-08 15:58:18,1.0
2023-06-07 17:24:08,5.0
2023-06-05 15:57:36,5.0
2023-06-05 09:36:35,1.0
2023-06-05 03:14:04,4.0
2023-06-04 02:30:02,4.0
2023-06-02 11:29:02,5.0
2023-05-30 14:13:07,4.0
2023-05-30 06:53:57,5.0
2023-05-30 03:45:47,5.0
2023-05-29 03:23:38,1.0
2023-05-28 11:30:56,4.0
2023-05-28 09:15:51,5.0
2023-05-28 07:41:39,5.0
2023-05-25 09:30:16,5.0
2023-05-25 02:59:45,5.0
2023-05-24 16:18:03,5.0
2023-05-24 15:51:53,5.0
2023-05-23 08:48:07,5.0
2023-05-20 10:30:41,4.0
2023-05-19 07:12:05,4.0
2023-05-18 12:10:44,4.0
2023-05-17 12:13:34,4.0
2023-05-17 11:32:21,4.0
2023-05-17 02:54:35,5.0
2023-05-11 00:26:21,4.0
2023-05-09 14:23:39,5.0
2023-05-09 05:36:03,4.0
2023-05-08 14:24:08,5.0
2023-05-07 04:41:39,5.0
2023-05-06 09:12:20,4.0
2023-05-04 16:27:27,4.0
2023-05-03 07:28:46,5.0
2023-05-02 13:32:58,5.0
2023-05-02 03:05:13,4.0
2023-05-01 01:13:38,4.0
2023-04-30 15:18:45,4.0
2023-04-30 04:22:50,1.0
2023-04-29 07:16:19,4.0
2023-04-27 13:34:55,1.0
2023-04-26 13:54:41,1.0
2023-04-25 00:48:14,5.0
2023-04-20 17:46:07,2.0
2023-04-18 23:17:20,5.0
2023-04-18 13:30:59,5.0
2023-04-18 07:47:31,1.0
2023-04-17 04:57:15,5.0
2023-04-15 15:21:12,5.0
2023-04-15 09:33:17,5.0
2023-04-14 03:25:41,4.0
2023-04-12 14:25:39,3.0
2023-04-10 05:22:40,4.0
2023-04-08 16:31:56,4.0
2023-04-05 14:04:34,5.0
2023-04-05 03:22:42,5.0
2023-04-04 16:45:35,3.0
2023-04-04 16:36:02,4.0
2023-04-04 13:18:48,5.0
2023-04-04 05:50:54,5.0
2023-04-03 23:10:11,5.0
2023-04-02 12:47:11,3.0
2023-04-01 15:48:31,4.0
2023-04-01 13:37:01,5.0
2023-04-01 05:37:22,5.0
2023-03-29 05:54:53,5.0
2023-03-28 14:30:24,4.0
2023-03-27 09:44:50,3.0
2023-03-26 12:12:24,4.0
2023-03-26 03:15:39,1.0
2023-03-26 02:45:21,4.0
2023-03-25 17:29:54,4.0
2023-03-25 09:51:31,3.0
2023-03-25 08:46:23,3.0
2023-03-25 08:44:25,3.0
2023-03-24 07:16:38,4.0
2023-03-24 02:13:45,5.0
2023-03-23 10:27:23,4.0
2023-03-22 10:48:31,4.0
2023-03-21 16:18:04,3.0
2023-03-21 08:29:44,5.0
2023-03-19 12:13:21,5.0
2023-03-18 03:45:59,5.0
2023-03-17 16:25:06,3.0
2023-03-15 14:14:18,5.0
2023-03-14 15:10:42,4.0
2023-03-14 13:08:38,4.0
2023-03-14 07:07:56,5.0
2023-03-13 11:22:04,4.0
2023-03-13 04:59:58,3.0
2023-03-12 11:37:50,4.0
2023-03-12 02:40:23,4.0
2023-03-10 06:03:01,4.0
2023-03-09 16:38:34,2.0
2023-03-05 06:50:02,4.0
2023-03-02 08:24:40,5.0
2023-02-28 16:30:24,4.0
2023-02-28 10:03:48,5.0
2023-02-26 13:10:48,3.0
2023-02-26 09:35:37,3.0
2023-02-25 16:40:50,5.0
2023-02-25 12:42:06,5.0
2023-02-25 12:41:43,5.0
2023-02-23 10:43:07,5.0
2023-02-22 10:11:43,4.0
2023-02-21 15:43:45,5.0
2023-02-21 11:23:44,4.0
2023-02-20 12:09:22,3.0
2023-02-19 14:52:04,1.0
2023-02-18 14:58:26,4.0
2023-02-18 04:43:38,4.0
2023-02-17 03:00:03,4.0
2023-02-15 03:18:21,4.0
2023-02-14 09:47:20,4.0
2023-02-13 10:52:22,5.0
2023-02-12 16:21:05,5.0
2023-02-12 10:17:11,5.0
2023-02-12 07:18:01,2.0
2023-02-12 05:55:08,4.0
2023-02-11 09:47:14,3.0
2023-02-10 14:34:43,4.0
2023-02-10 05:29:03,5.0
2023-02-09 13:48:43,4.0
2023-02-07 14:45:53,5.0
2023-02-06 15:27:48,4.0
2023-02-05 10:23:34,4.0
2023-02-04 09:07:16,1.0
2023-02-04 08:35:31,3.0
2023-02-02 15:36:56,5.0
2023-01-31 15:33:39,4.0
2023-01-31 06:45:55,4.0
2023-01-29 17:54:04,4.0
2023-01-29 10:28:42,4.0
2023-01-27 10:55:39,3.0
2023-01-26 15:47:05,1.0
2023-01-26 08:38:54,3.0
2023-01-25 18:09:39,5.0
2023-01-25 09:36:44,3.0
2023-01-24 10:46:29,5.0
2023-01-22 06:17:47,4.0
2023-01-22 06:04:01,5.0
2023-01-21 14:09:14,4.0
2023-01-20 22:28:54,4.0
2023-01-19 08:22:29,5.0
2023-01-18 21:41:53,4.0
2023-01-18 11:06:09,4.0
2023-01-18 05:30:18,2.0
2023-01-17 14:47:33,3.0
2023-01-17 13:48:46,4.0
2023-01-17 12:04:27,5.0
2023-01-17 08:06:53,3.0
2023-01-17 06:41:08,5.0
2023-01-14 11:10:47,5.0
2023-01-14 09:04:49,1.0
2023-01-11 12:23:02,3.0
2023-01-10 21:17:48,5.0
2023-01-10 01:23:51,5.0
2023-01-07 09:53:37,5.0
2023-01-07 08:28:58,5.0
2023-01-06 16:35:41,1.0
2023-01-06 07:47:01,4.0
2023-01-05 16:31:23,4.0
2023-01-05 10:02:27,5.0
2023-01-05 08:58:04,5.0
2023-01-05 01:40:33,4.0
2023-01-04 13:15:31,4.0
2023-01-03 15:57:12,4.0
2023-01-02 16:27:40,4.0
2023-01-01 17:28:59,5.0
2022-12-31 13:20:04,5.0
2022-12-30 05:54:07,4.0
2022-12-30 05:53:50,4.0
2022-12-27 16:56:18,1.0
2022-12-27 08:33:38,3.0
2022-12-27 04:13:27,1.0
2022-12-26 08:38:43,5.0
2022-12-26 06:18:25,4.0
2022-12-25 11:08:39,3.0
2022-12-24 09:48:19,5.0
2022-12-23 06:42:02,4.0
2022-12-22 11:28:17,5.0
2022-12-22 07:21:21,5.0
2022-12-20 05:13:36,5.0
2022-12-20 04:28:32,4.0
2022-12-18 06:50:47,5.0
2022-12-17 09:04:32,1.0
2022-12-15 06:04:44,5.0
2022-12-15 03:56:39,5.0
2022-12-14 14:44:17,4.0
2022-12-14 11:12:04,5.0
2022-12-12 13:16:33,4.0
2022-12-11 22:20:30,4.0
2022-12-11 06:42:57,3.0
2022-12-10 15:54:29,3.0
2022-12-10 06:00:40,4.0
2022-12-08 04:30:50,5.0
2022-12-07 09:16:16,5.0
2022-12-07 06:42:17,5.0
2022-12-05 18:27:38,4.0
2022-12-05 14:17:25,5.0
2022-12-03 18:09:44,5.0
2022-12-03 15:22:55,1.0
2022-12-03 03:43:36,1.0
2022-12-02 16:20:23,1.0
2022-12-01 03:14:12,5.0
2022-11-29 16:17:46,5.0
2022-11-29 14:53:25,2.0
2022-11-29 07:10:20,5.0
2022-11-27 09:29:09,4.0
2022-11-25 22:28:29,1.0
2022-11-24 08:46:31,4.0
2022-11-23 10:29:46,2.0
2022-11-19 09:14:24,4.0
2022-11-18 15:10:47,5.0
2022-11-17 11:54:28,2.0
2022-11-15 10:47:11,1.0
2022-11-15 02:54:08,5.0
2022-11-14 15:47:26,4.0
2022-11-13 20:21:24,4.0
2022-11-11 15:06:58,5.0
2022-11-08 12:26:52,4.0
2022-11-08 04:38:13,4.0
2022-11-07 08:30:41,5.0
2022-11-06 03:58:54,4.0
2022-11-05 10:14:49,5.0
2022-11-04 17:05:11,2.0
2022-11-01 15:19:20,4.0
2022-11-01 07:19:18,4.0
2022-10-31 07:24:56,3.0
2022-10-30 15:36:02,1.0
2022-10-30 05:27:42,3.0
2022-10-30 02:04:58,5.0
2022-10-28 04:26:56,5.0
2022-10-27 12:49:01,5.0
2022-10-27 02:06:03,5.0
2022-10-26 16:15:19,5.0
2022-10-26 10:49:46,5.0
2022-10-24 09:49:47,5.0
2022-10-24 07:57:06,4.0
2022-10-23 13:15:41,2.0
2022-10-23 04:18:47,4.0
2022-10-22 11:35:32,5.0
2022-10-22 09:32:06,5.0
2022-10-22 08:34:55,4.0
2022-10-22 08:11:26,5.0
2022-10-19 18:00:27,5.0
2022-10-19 04:08:38,4.0
2022-10-19 03:09:37,5.0
2022-10-18 01:23:40,5.0
2022-10-17 05:57:34,4.0
2022-10-16 13:17:35,5.0
2022-10-15 16:27:43,4.0
2022-10-15 05:09:48,3.0
2022-10-13 15:43:12,5.0
2022-10-13 12:40:52,3.0
2022-10-13 03:40:37,5.0
2022-10-13 03:33:17,1.0
2022-10-12 10:10:44,4.0
2022-10-11 14:37:21,5.0
2022-10-11 11:08:36,2.0
2022-10-10 03:19:58,4.0
2022-10-09 16:04:21,2.0
2022-10-09 15:27:03,3.0
2022-10-09 10:19:12,5.0
2022-10-09 08:49:52,5.0
2022-10-07 18:48:47,1.0
2022-10-05 10:23:12,3.0
2022-10-05 08:19:28,2.0
2022-10-05 03:54:37,4.0
2022-10-04 18:06:57,3.0
2022-10-04 09:53:08,5.0
2022-10-04 07:40:06,5.0
2022-10-01 23:52:59,3.0
2022-10-01 16:16:42,2.0
2022-09-25 03:13:39,5.0
2022-09-23 05:54:29,5.0
2022-09-21 09:03:25,3.0
2022-09-20 15:16:01,4.0
2022-09-20 10:49:08,5.0
2022-09-20 08:50:23,5.0
2022-09-18 13:54:54,1.0
2022-09-17 13:28:17,5.0
2022-09-17 10:59:23,4.0
2022-09-17 07:21:10,5.0
2022-09-16 11:34:58,5.0
2022-09-13 15:53:04,4.0
2022-09-13 10:59:36,2.0
2022-09-13 05:35:51,4.0
2022-09-12 13:45:44,3.0
2022-09-12 03:07:08,5.0
2022-09-11 12:47:35,3.0
2022-09-11 02:42:42,2.0
2022-09-10 10:03:01,5.0
2022-09-07 08:30:20,5.0
2022-09-06 18:46:52,5.0
2022-09-04 09:28:37,3.0
2022-09-03 09:32:48,4.0
2022-09-02 13:03:36,5.0
2022-09-02 11:43:17,5.0
2022-09-02 04:41:07,4.0
2022-09-02 00:14:53,5.0
2022-08-30 04:53:05,5.0
2022-08-30 01:42:10,4.0
2022-08-29 05:17:35,4.0
2022-08-29 02:49:34,3.0
2022-08-26 10:56:32,4.0
2022-08-25 13:34:45,1.0
2022-08-25 08:30:39,2.0
2022-08-25 02:35:04,5.0
2022-08-23 16:39:20,5.0
2022-08-21 18:10:22,4.0
2022-08-21 14:11:55,5.0
2022-08-21 00:43:42,4.0
2022-08-20 09:15:57,4.0
2022-08-18 04:57:51,5.0
2022-08-18 04:57:51,5.0
2022-08-17 08:25:40,5.0
2022-08-17 03:19:08,4.0
2022-08-15 12:30:29,2.0
2022-08-15 04:25:07,4.0
2022-08-14 07:52:34,4.0
2022-08-12 23:47:44,4.0
2022-08-12 15:05:29,5.0
2022-08-12 14:56:48,2.0
2022-08-12 06:11:43,3.0
2022-08-11 06:52:15,5.0
2022-08-09 17:36:05,5.0
2022-08-09 06:58:45,5.0
2022-08-08 14:19:47,5.0
2022-08-08 14:00:52,5.0
2022-08-07 16:30:50,3.0
2022-08-07 08:58:35,3.0
2022-08-06 10:49:50,3.0
2022-08-06 10:38:47,4.0
2022-08-05 12:42:45,5.0
2022-08-04 12:59:33,4.0
2022-08-04 11:55:31,4.0
2022-08-03 13:17:42,4.0
2022-08-02 09:30:42,4.0
2022-08-02 02:21:07,5.0
2022-07-30 13:38:29,5.0
2022-07-30 05:43:52,5.0
2022-07-29 16:31:19,5.0
2022-07-29 06:29:57,1.0
2022-07-29 04:53:17,4.0
2022-07-29 04:33:04,3.0
2022-07-27 16:59:57,2.0
2022-07-24 06:10:56,4.0
2022-07-22 10:34:23,5.0
2022-07-22 03:23:17,3.0
2022-07-21 17:50:09,5.0
2022-07-21 00:07:42,4.0
2022-07-19 02:34:44,3.0
2022-07-18 02:01:27,1.0
2022-07-18 00:35:47,4.0
2022-07-16 06:22:23,5.0
2022-07-15 15:22:05,5.0
2022-07-14 14:36:21,1.0
2022-07-13 03:32:53,1.0
2022-07-12 17:16:35,3.0
2022-07-11 18:06:53,5.0
2022-07-11 11:05:38,3.0
2022-07-11 08:44:55,2.0
2022-07-11 08:36:14,5.0
2022-07-05 18:10:12,4.0
2022-07-05 10:37:57,4.0
2022-07-05 10:19:26,5.0
2022-07-04 03:20:04,1.0
2022-07-03 12:13:27,3.0
2022-07-03 05:41:09,5.0
2022-07-01 15:59:20,5.0
2022-07-01 09:26:54,4.0
2022-06-30 15:41:45,5.0
2022-06-29 16:55:44,5.0
2022-06-28 14:03:14,5.0
2022-06-28 11:20:12,1.0
2022-06-28 08:09:31,2.0
2022-06-27 10:23:39,5.0
2022-06-26 18:40:56,5.0
2022-06-26 17:59:25,5.0
2022-06-26 15:30:49,4.0
2022-06-25 14:58:13,5.0
2022-06-25 10:45:30,5.0
2022-06-25 06:11:12,1.0
2022-06-24 16:45:58,5.0
2022-06-23 16:02:27,5.0
2022-06-22 14:33:31,5.0
2022-06-22 06:47:24,5.0
2022-06-18 12:29:02,4.0
2022-06-17 09:39:04,4.0
2022-06-16 15:00:53,5.0
2022-06-16 09:39:05,5.0
2022-06-16 06:59:52,5.0
2022-06-15 12:56:04,5.0
2022-06-15 10:11:27,5.0
2022-06-14 11:19:10,4.0
2022-06-14 08:24:34,2.0
2022-06-13 13:20:26,5.0
2022-06-13 10:22:08,4.0
2022-06-13 07:44:56,5.0
2022-06-13 05:53:02,4.0
2022-06-13 02:32:26,5.0
2022-06-12 10:07:14,4.0
2022-06-09 18:49:37,5.0
2022-06-09 16:34:05,5.0
2022-06-09 12:03:27,4.0
2022-06-08 10:34:58,3.0
2022-06-07 07:27:45,4.0
2022-06-07 03:36:22,4.0
2022-06-06 18:11:15,4.0
2022-06-06 09:33:44,4.0
2022-06-06 06:12:22,4.0
2022-06-05 16:10:20,5.0
2022-06-03 12:42:26,2.0
2022-06-02 09:59:23,5.0
2022-06-01 18:13:09,5.0
2022-06-01 14:49:37,1.0
2022-06-01 12:15:18,4.0
2022-05-27 09:25:47,5.0
2022-05-26 14:40:43,4.0
2022-05-26 03:47:02,5.0
2022-05-25 02:00:50,5.0
2022-05-25 00:37:38,5.0
2022-05-22 09:23:46,5.0
2022-05-21 16:00:59,2.0
2022-05-20 14:30:37,3.0
2022-05-19 07:34:47,4.0
2022-05-18 14:15:36,4.0
2022-05-18 09:46:58,5.0
2022-05-18 00:38:51,4.0
2022-05-17 08:03:14,3.0
2022-05-17 07:21:28,5.0
2022-05-17 05:47:59,5.0
2022-05-16 12:02:00,4.0
2022-05-16 07:37:13,2.0
2022-05-15 16:32:22,5.0
2022-05-15 10:12:28,1.0
2022-05-15 03:01:38,5.0
2022-05-14 18:39:21,5.0
2022-05-14 15:39:06,5.0
2022-05-14 09:17:09,4.0
2022-05-12 08:35:13,5.0
2022-05-11 16:33:55,4.0
2022-05-11 09:50:36,3.0
2022-05-11 03:27:39,5.0
2022-05-09 10:39:29,5.0
2022-05-09 07:38:56,5.0
2022-05-08 14:22:31,4.0
2022-05-07 13:20:27,4.0
2022-05-06 15:28:39,3.0
2022-05-06 15:21:40,4.0
2022-05-06 14:29:50,4.0
2022-05-05 03:55:34,4.0
2022-05-05 02:44:30,3.0
2022-05-04 04:45:01,3.0
2022-05-03 16:57:07,4.0
2022-05-03 10:34:41,5.0
2022-05-02 15:28:27,5.0
2022-05-02 05:47:18,4.0
2022-05-02 01:33:37,5.0
2022-04-30 08:47:21,5.0
2022-04-30 02:45:30,3.0
2022-04-27 15:31:50,5.0
2022-04-27 12:37:50,5.0
2022-04-27 08:37:02,4.0
2022-04-26 16:17:06,5.0
2022-04-26 13:11:46,4.0
2022-04-26 06:35:14,3.0
2022-04-25 14:11:57,5.0
2022-04-25 12:02:24,5.0
2022-04-24 15:04:32,3.0
2022-04-22 16:45:21,2.0
2022-04-22 01:39:26,5.0
2022-04-21 17:34:08,5.0
2022-04-21 13:53:15,4.0
2022-04-21 12:43:42,5.0
2022-04-21 06:55:36,4.0
2022-04-21 04:14:43,4.0
2022-04-20 12:41:02,4.0
2022-04-20 08:55:43,5.0
2022-04-19 14:05:29,5.0
2022-04-18 20:05:05,4.0
2022-04-17 05:59:11,4.0
2022-04-17 03:43:21,5.0
2022-04-17 01:25:32,3.0
2022-04-16 19:11:09,5.0
2022-04-15 07:54:55,5.0
2022-04-15 05:18:58,2.0
2022-04-10 17:29:03,1.0
2022-04-10 13:41:52,3.0
2022-04-10 10:53:31,4.0
2022-04-07 08:09:19,1.0
2022-04-06 21:49:09,4.0
2022-04-05 17:42:47,5.0
2022-04-05 13:07:29,4.0
2022-04-05 12:55:44,3.0
2022-04-05 05:47:49,4.0
2022-04-04 23:59:39,5.0
2022-04-04 22:41:59,1.0
2022-04-04 10:47:18,4.0
2022-04-03 18:15:06,2.0
2022-04-03 11:52:11,5.0
2022-04-03 06:19:48,1.0
2022-04-02 17:57:45,1.0
2022-03-31 11:14:35,3.0
2022-03-30 18:01:57,3.0
2022-03-29 15:10:09,5.0
2022-03-29 11:20:37,3.0
2022-03-28 12:34:59,4.0
2022-03-28 06:36:11,1.0
2022-03-28 05:16:40,5.0
2022-03-27 14:19:06,4.0
2022-03-27 13:14:59,3.0
2022-03-26 19:11:36,5.0
2022-03-26 11:31:10,2.0
2022-03-26 08:43:06,4.0
2022-03-25 09:28:45,5.0
2022-03-25 03:59:40,4.0
2022-03-24 16:46:21,4.0
2022-03-23 14:26:02,5.0
2022-03-23 07:20:43,5.0
2022-03-23 06:50:08,3.0
2022-03-23 05:08:25,1.0
2022-03-23 01:46:10,5.0
2022-03-22 11:36:31,4.0
2022-03-21 14:47:18,3.0
2022-03-20 09:45:58,1.0
2022-03-19 09:00:15,4.0
2022-03-18 20:13:38,3.0
2022-03-18 17:45:54,5.0
2022-03-17 15:58:56,4.0
2022-03-17 02:10:48,4.0
2022-03-16 11:42:41,3.0
2022-03-16 10:18:25,5.0
2022-03-16 09:03:48,3.0
2022-03-16 08:45:09,4.0
2022-03-16 05:51:53,1.0
2022-03-13 07:49:42,4.0
2022-03-13 01:52:01,5.0
2022-03-12 20:00:45,3.0
2022-03-12 16:55:07,5.0
2022-03-12 15:55:39,5.0
2022-03-12 08:42:09,3.0
2022-03-12 01:48:15,5.0
2022-03-10 17:29:57,4.0
2022-03-10 11:53:06,4.0
2022-03-10 11:22:35,4.0
2022-03-10 10:20:41,5.0
2022-03-10 09:47:10,2.0
2022-03-09 17:03:24,5.0
2022-03-09 11:14:08,4.0
2022-03-09 05:18:02,5.0
2022-03-08 17:37:47,5.0
2022-03-08 08:58:25,5.0
2022-03-08 00:39:02,3.0
2022-03-07 16:54:51,5.0
2022-03-07 14:49:59,3.0
2022-03-07 04:42:19,3.0
2022-03-07 02:50:41,4.0
2022-03-06 16:13:43,5.0
2022-03-06 16:07:27,4.0
2022-03-06 11:45:26,5.0
2022-03-06 11:31:42,1.0
2022-03-06 10:26:50,1.0
2022-03-06 09:12:15,3.0
2022-03-05 22:23:41,5.0
2022-03-04 12:34:23,4.0
2022-03-03 18:46:50,4.0
2022-03-01 22:54:47,4.0
2022-03-01 06:48:55,4.0
2022-02-28 11:46:33,4.0
2022-02-27 17:07:06,1.0
2022-02-27 10:09:43,4.0
2022-02-27 07:44:19,4.0
2022-02-27 02:44:34,2.0
2022-02-26 23:07:00,4.0
2022-02-26 16:06:37,3.0
2022-02-26 11:00:10,1.0
2022-02-26 09:15:45,3.0
2022-02-25 09:27:31,4.0
2022-02-24 19:38:26,4.0
2022-02-24 18:19:52,5.0
2022-02-23 05:00:06,5.0
2022-02-22 16:31:37,5.0
2022-02-22 15:50:48,4.0
2022-02-21 03:34:38,5.0
2022-02-20 14:53:52,4.0
2022-02-20 10:49:16,5.0
2022-02-19 18:10:49,4.0
2022-02-19 17:11:39,4.0
2022-02-18 09:06:13,5.0
2022-02-16 20:29:46,5.0
2022-02-16 14:33:06,1.0
2022-02-14 23:12:01,4.0
2022-02-14 01:02:44,3.0
2022-02-13 20:33:47,1.0
2022-02-13 16:47:13,4.0
2022-02-13 16:47:13,4.0
2022-02-13 13:23:21,4.0
2022-02-13 10:35:39,4.0
2022-02-12 23:32:19,3.0
2022-02-12 04:57:19,4.0
2022-02-11 16:42:03,4.0
2022-02-11 00:36:08,5.0
2022-02-07 14:53:45,5.0
2022-02-06 10:04:20,4.0
2022-02-05 09:13:35,3.0
2022-02-04 16:39:27,5.0
2022-02-01 09:27:45,5.0
2022-01-31 09:09:23,4.0
2022-01-27 09:50:10,2.0
2022-01-26 16:33:57,5.0
2022-01-26 14:32:36,5.0
2022-01-22 14:07:59,5.0
2022-01-22 04:42:46,4.0
2022-01-22 04:40:57,5.0
2022-01-20 16:58:03,5.0
2022-01-20 14:30:38,2.0
2022-01-20 11:27:40,1.0
2022-01-19 05:01:24,5.0
2022-01-16 00:52:44,4.0
2022-01-13 11:08:50,4.0
2022-01-11 11:30:46,4.0
2022-01-08 15:13:45,1.0
2022-01-07 14:20:44,5.0
2022-01-05 08:48:17,4.0
2022-01-05 02:44:02,5.0
2022-01-03 09:12:55,4.0
2022-01-03 08:56:27,2.0
2022-01-03 04:00:36,2.0
2022-01-02 07:15:44,5.0
2022-01-01 18:13:03,5.0
2022-01-01 15:30:31,4.0
2022-01-01 14:28:09,4.0
2022-01-01 13:45:32,5.0
2021-12-31 02:51:20,2.0
2021-12-29 11:20:14,4.0
2021-12-29 08:34:32,2.0
2021-12-29 05:42:43,4.0
2021-12-28 09:02:46,5.0
2021-12-28 08:17:59,5.0
2021-12-27 10:32:13,5.0
2021-12-27 07:39:46,5.0
2021-12-27 04:34:14,5.0
2021-12-26 17:16:18,5.0
2021-12-26 11:22:03,5.0
2021-12-26 09:18:34,5.0
2021-12-26 01:23:27,3.0
2021-12-25 14:44:49,3.0
2021-12-25 10:55:31,5.0
2021-12-24 17:44:07,5.0
2021-12-23 10:37:24,5.0
2021-12-22 16:06:41,4.0
2021-12-22 15:38:02,3.0
2021-12-21 07:25:50,5.0
2021-12-21 04:49:50,4.0
2021-12-20 03:15:22,4.0
2021-12-18 06:43:28,3.0
2021-12-16 12:00:07,5.0
2021-12-15 12:58:10,3.0
2021-12-15 10:49:11,2.0
2021-12-14 04:59:16,5.0
2021-12-13 19:55:21,3.0
2021-12-13 09:21:03,1.0
2021-12-13 05:50:50,5.0
2021-12-12 10:09:12,5.0
2021-12-11 01:39:09,5.0
2021-12-10 16:33:53,5.0
2021-12-09 16:59:13,3.0
2021-12-08 00:59:00,5.0
2021-12-07 04:41:34,5.0
2021-12-06 05:27:46,5.0
2021-12-05 08:24:24,5.0
2021-12-03 11:26:17,5.0
2021-12-03 04:23:02,5.0
2021-12-02 15:31:32,1.0
2021-12-02 08:51:10,5.0
2021-12-01 02:58:09,2.0
2021-11-30 13:47:26,5.0
2021-11-30 09:47:25,3.0
2021-11-30 04:28:53,4.0
2021-11-27 12:44:34,5.0
2021-11-26 14:51:23,5.0
2021-11-26 10:33:42,5.0
2021-11-26 01:22:47,3.0
2021-11-24 14:13:39,4.0
2021-11-21 14:24:14,4.0
2021-11-21 07:10:26,2.0
2021-11-20 10:13:06,1.0
2021-11-19 12:36:52,1.0
2021-11-16 16:30:06,5.0
2021-11-16 07:05:03,3.0
2021-11-15 15:42:57,1.0
2021-11-15 10:29:16,1.0
2021-11-14 07:38:00,4.0
2021-11-13 07:46:07,1.0
2021-11-09 18:34:22,4.0
2021-11-09 15:05:17,5.0
2021-11-09 12:44:28,4.0
2021-11-09 10:54:43,5.0
2021-11-09 06:43:18,5.0
2021-11-09 06:34:42,4.0
2021-11-08 05:39:32,4.0
2021-11-06 19:12:01,5.0
2021-11-06 16:04:55,3.0
2021-11-06 15:11:33,4.0
2021-11-06 08:41:47,1.0
2021-11-05 09:23:56,5.0
2021-11-04 13:13:21,3.0
2021-11-04 08:48:36,5.0
2021-11-02 11:03:49,5.0
2021-11-02 03:34:01,4.0
2021-11-02 01:47:45,5.0
2021-10-31 16:30:46,1.0
2021-10-30 03:43:05,4.0
2021-10-29 16:40:40,5.0
2021-10-29 11:08:52,5.0
2021-10-28 04:15:12,3.0
2021-10-27 10:20:11,2.0
2021-10-27 09:53:33,4.0
2021-10-27 06:05:20,5.0
2021-10-26 16:35:47,4.0
2021-10-26 16:00:09,5.0
2021-10-26 10:31:03,5.0
2021-10-25 15:00:10,3.0
2021-10-25 13:25:52,4.0
2021-10-24 18:52:41,4.0
2021-10-24 09:06:10,4.0
2021-10-21 17:32:54,5.0
2021-10-20 03:12:12,5.0
2021-10-20 02:38:34,2.0
2021-10-19 12:11:00,1.0
2021-10-18 15:30:13,2.0
2021-10-18 08:01:27,5.0
2021-10-17 15:10:49,4.0
2021-10-16 20:25:56,5.0
2021-10-16 09:29:25,4.0
2021-10-11 08:12:44,2.0
2021-10-10 23:28:59,4.0
2021-10-09 13:54:35,3.0
2021-10-08 12:02:57,5.0
2021-10-08 07:24:02,4.0
2021-10-07 02:37:26,4.0
2021-10-05 11:59:36,5.0
2021-10-05 08:12:07,5.0
2021-10-05 02:19:40,5.0
2021-10-04 17:45:32,4.0
2021-10-04 15:44:38,5.0
2021-10-03 16:41:53,5.0
2021-10-03 04:18:18,5.0
2021-09-30 02:20:55,4.0
2021-09-29 02:35:34,4.0
2021-09-28 16:34:00,5.0
2021-09-27 15:34:49,4.0
2021-09-26 14:55:45,3.0
2021-09-26 04:23:00,4.0
2021-09-24 02:30:11,5.0
2021-09-23 08:41:01,4.0
2021-09-23 00:07:50,3.0
2021-09-22 11:52:52,5.0
2021-09-22 07:08:29,5.0
2021-09-22 03:30:49,5.0
2021-09-21 10:16:06,4.0
2021-09-21 01:53:33,5.0
2021-09-20 16:20:57,2.0
2021-09-16 17:48:05,4.0
2021-09-16 11:08:27,5.0
2021-09-16 09:15:23,1.0
2021-09-16 06:09:20,5.0
2021-09-16 00:51:33,5.0
2021-09-14 20:00:19,5.0
2021-09-14 07:45:19,5.0
2021-09-13 15:12:12,1.0
2021-09-13 04:45:55,5.0
2021-09-12 03:19:48,4.0
2021-09-11 05:15:24,5.0
2021-09-11 03:50:07,4.0
2021-09-10 13:02:25,5.0
2021-09-09 15:58:35,5.0
2021-09-09 11:59:53,4.0
2021-09-07 09:20:25,5.0
2021-09-06 12:56:24,5.0
2021-09-04 15:43:33,5.0
2021-09-04 14:10:04,4.0
2021-09-02 04:11:25,5.0
2021-09-02 03:55:28,4.0
2021-09-01 17:01:02,2.0
2021-09-01 16:06:43,5.0
2021-09-01 15:44:15,2.0
2021-09-01 09:51:34,3.0
2021-09-01 08:18:15,1.0
2021-08-31 14:32:47,4.0
2021-08-30 14:17:39,4.0
2021-08-30 12:53:08,5.0
2021-08-30 06:05:03,5.0
2021-08-30 03:38:55,5.0
2021-08-29 10:31:21,5.0
2021-08-28 09:06:18,4.0
2021-08-27 10:09:34,5.0
2021-08-27 06:26:46,5.0
2021-08-27 03:49:53,4.0
2021-08-27 02:40:17,5.0
2021-08-27 02:22:13,5.0
2021-08-26 16:55:01,4.0
2021-08-26 16:25:22,4.0
2021-08-26 15:57:50,5.0
2021-08-25 04:45:55,5.0
2021-08-22 07:03:54,5.0
2021-08-21 12:24:47,4.0
2021-08-20 11:42:28,4.0
2021-08-20 05:00:23,5.0
2021-08-20 04:15:15,3.0
2021-08-18 14:57:05,5.0
2021-08-17 09:40:43,5.0
2021-08-17 01:19:55,5.0
2021-08-13 07:34:22,5.0
2021-08-12 10:05:38,1.0
2021-08-11 10:02:33,5.0
2021-08-11 06:25:49,5.0
2021-08-09 11:53:24,4.0
2021-08-09 04:57:22,4.0
2021-08-07 00:07:54,4.0
2021-08-06 08:40:39,1.0
2021-08-06 05:34:24,3.0
2021-08-04 23:37:37,5.0
2021-08-02 07:24:10,5.0
2021-08-01 14:27:52,4.0
2021-08-01 11:23:45,4.0
2021-07-30 13:28:35,5.0
2021-07-29 17:34:51,1.0
2021-07-28 11:23:57,5.0
2021-07-28 07:49:01,4.0
2021-07-28 05:14:01,5.0
2021-07-27 08:42:11,3.0
2021-07-25 10:30:56,5.0
2021-07-25 07:23:15,5.0
2021-07-25 01:09:28,5.0
2021-07-24 12:52:01,5.0
2021-07-24 09:56:02,5.0
2021-07-24 07:08:49,3.0
2021-07-24 05:48:26,4.0
2021-07-23 11:23:11,4.0
2021-07-22 07:13:51,4.0
2021-07-22 05:33:11,5.0
2021-07-21 03:22:33,4.0
2021-07-20 15:14:52,5.0
2021-07-19 15:25:36,5.0
2021-07-19 13:40:17,1.0
2021-07-19 07:46:10,5.0
2021-07-19 06:09:25,4.0
2021-07-18 17:14:48,3.0
2021-07-18 15:23:17,5.0
2021-07-18 11:53:01,4.0
2021-07-18 05:48:26,5.0
2021-07-17 13:29:36,5.0
2021-07-16 16:28:13,4.0
2021-07-15 12:18:01,5.0
2021-07-14 08:45:29,4.0
2021-07-14 04:54:56,4.0
2021-07-13 00:53:18,5.0
2021-07-12 07:06:05,2.0
2021-07-11 11:16:46,4.0
2021-07-11 06:52:33,5.0
2021-07-10 18:21:31,4.0
2021-07-10 15:03:22,1.0
2021-07-09 09:26:13,4.0
2021-05-04 12:47:46,5.0
2021-04-24 04:46:51,3.0
2021-04-23 23:47:46,5.0
2021-04-23 10:44:54,4.0
2021-04-21 09:43:33,2.0
2021-04-21 09:30:31,5.0
2021-04-15 09:00:02,4.0
2021-04-11 04:53:28,3.0
2021-04-10 16:18:55,5.0
2021-04-09 15:54:50,4.0
2021-04-08 11:24:32,5.0
2021-04-06 17:08:43,5.0
2021-04-04 09:20:19,4.0
2021-04-04 08:37:14,5.0
2021-04-04 06:59:39,5.0
2021-04-03 10:00:28,5.0
2021-04-02 14:26:28,4.0
2021-04-01 15:56:07,5.0
2021-03-31 07:47:00,4.0
2021-03-31 02:41:58,4.0
2021-03-29 11:59:53,4.0
2021-03-29 10:27:32,3.0
2021-03-28 17:50:36,4.0
2021-03-28 07:20:25,5.0
2021-03-28 00:59:40,5.0
2021-03-27 13:55:00,5.0
2021-03-27 08:20:20,2.0
2021-03-27 07:48:02,5.0
2021-03-25 11:15:48,5.0
2021-03-25 09:35:59,4.0
2021-03-23 18:34:05,5.0
2021-03-23 13:13:22,4.0
2021-03-22 12:12:45,3.0
2021-03-22 11:35:27,3.0
2021-03-22 11:06:34,4.0
2021-03-22 05:14:10,5.0
2021-03-21 15:21:11,5.0
2021-03-21 10:37:13,4.0
2021-03-20 08:15:37,3.0
2021-03-20 00:39:04,5.0
2021-03-18 16:32:29,4.0
2021-03-18 05:55:11,5.0
2021-03-18 05:21:04,4.0
2021-03-17 14:07:59,3.0
2021-03-17 12:56:34,4.0
2021-03-15 14:52:59,5.0
2021-03-15 09:39:06,2.0
2021-03-13 23:13:15,3.0
2021-03-13 08:12:08,3.0
2021-03-12 09:30:27,5.0
2021-03-12 05:14:04,4.0
2021-03-11 09:57:53,4.0
2021-03-11 06:56:50,4.0
2021-03-10 14:03:50,5.0
2021-03-10 08:17:03,5.0
2021-03-10 07:22:51,5.0
2021-03-09 10:27:15,5.0
2021-03-09 10:06:12,3.0
2021-03-09 08:52:51,4.0
2021-03-09 05:51:43,4.0
2021-03-09 04:09:29,3.0
2021-03-08 11:00:27,3.0
2021-03-08 09:25:03,4.0
2021-03-07 16:14:22,3.0
2021-03-07 15:52:26,5.0
2021-03-07 13:24:06,4.0
2021-03-06 18:37:07,5.0
2021-03-06 10:06:07,5.0
2021-03-05 16:53:58,5.0
2021-03-05 13:55:42,5.0
2021-03-04 10:22:11,3.0
2021-03-04 09:38:59,5.0
2021-03-04 08:00:35,4.0
2021-03-04 03:59:01,4.0
2021-03-03 16:37:36,5.0
2021-03-03 16:32:05,4.0
2021-03-03 03:49:00,5.0
2021-03-02 07:58:40,5.0
2021-03-01 16:49:06,5.0
2021-03-01 15:15:10,2.0
2021-03-01 15:05:06,5.0
2021-03-01 09:03:23,4.0
2021-03-01 07:56:48,5.0
2021-02-28 15:21:10,4.0
2021-02-28 08:49:11,5.0
2021-02-27 14:40:44,5.0
2021-02-27 13:13:13,5.0
2021-02-27 03:23:22,3.0
2021-02-27 02:55:24,4.0
2021-02-26 00:06:39,5.0
2021-02-25 07:38:42,5.0
2021-02-24 03:46:26,4.0
2021-02-23 07:36:48,5.0
2021-02-21 16:15:05,5.0
2021-02-21 10:56:43,4.0
2021-02-21 06:46:22,4.0
2021-02-21 00:26:34,4.0
2021-02-20 05:04:11,5.0
2021-02-20 03:06:48,1.0
2021-02-18 10:33:13,3.0
2021-02-18 03:54:50,5.0
2021-02-17 07:09:07,5.0
2021-02-17 05:22:20,5.0
2021-02-16 15:27:17,4.0
2021-02-16 12:05:09,5.0
2021-02-16 10:34:14,2.0
2021-02-15 10:30:47,3.0
2021-02-15 10:27:38,4.0
2021-02-15 04:33:21,4.0
2021-02-15 03:24:54,1.0
2021-02-15 02:54:51,4.0
2021-02-14 08:49:53,4.0
2021-02-14 08:46:53,3.0
2021-02-11 02:15:23,5.0
2021-02-09 11:32:28,5.0
2021-02-08 10:56:35,1.0
2021-02-07 22:39:08,3.0
2021-02-07 16:17:06,5.0
2021-02-06 11:21:15,3.0
2021-02-04 13:38:51,5.0
2021-02-04 09:18:07,5.0
2021-02-02 14:39:46,4.0
2021-02-02 12:02:55,5.0
2021-02-02 02:35:25,4.0
2021-02-01 15:26:25,3.0
2021-02-01 14:03:49,5.0
2021-02-01 10:53:49,5.0
2021-02-01 02:47:35,4.0
2021-02-01 00:24:18,4.0
2021-01-31 11:54:24,4.0
2021-01-31 07:53:00,1.0
2021-01-31 03:24:00,5.0
2021-01-30 10:26:43,5.0
2021-01-30 06:41:22,1.0
2021-01-29 04:02:14,5.0
2021-01-28 15:26:12,4.0
2021-01-27 11:33:37,3.0
2021-01-27 07:01:25,4.0
2021-01-27 04:37:00,3.0
2021-01-27 04:30:37,1.0
2021-01-26 18:55:22,1.0
2021-01-26 16:55:02,5.0
2021-01-26 14:28:39,5.0
2021-01-26 14:08:37,3.0
2021-01-25 13:26:46,4.0
2021-01-25 07:34:07,5.0
2021-01-25 06:13:25,5.0
2021-01-25 03:26:12,5.0
2021-01-24 19:40:26,1.0
2021-01-24 09:48:37,3.0
2021-01-24 05:02:58,1.0
2021-01-24 01:23:41,4.0
2021-01-23 09:17:29,5.0
2021-01-23 07:48:12,5.0
2021-01-23 00:25:07,5.0
2021-01-21 15:22:35,5.0
2021-01-21 04:31:19,5.0
2021-01-20 22:47:12,4.0
2021-01-20 12:50:29,1.0
2021-01-20 12:42:03,5.0
2021-01-20 10:14:30,4.0
2021-01-19 14:07:38,5.0
2021-01-19 13:14:39,5.0
2021-01-19 10:31:15,5.0
2021-01-19 08:04:52,5.0
2021-01-19 04:48:09,5.0
2021-01-18 17:25:47,3.0
2021-01-18 15:22:57,4.0
2021-01-18 12:23:03,5.0
2021-01-18 06:01:53,5.0
2021-01-18 04:55:28,5.0
2021-01-18 03:16:52,5.0
2021-01-18 03:15:05,4.0
2021-01-17 04:26:07,2.0
2021-01-17 04:10:22,5.0
2021-01-16 18:10:34,5.0
2021-01-16 11:13:16,5.0
2021-01-16 06:23:53,5.0
2021-01-16 01:47:07,5.0
2021-01-14 16:12:50,3.0
2021-01-14 05:25:28,3.0
2021-01-13 11:26:30,5.0
2021-01-10 08:25:22,4.0
2021-01-10 07:23:14,4.0
2021-01-10 06:57:46,5.0
2021-01-09 08:50:05,3.0
2021-01-09 04:17:44,3.0
2021-01-08 03:51:29,2.0
2021-01-07 16:51:04,3.0
2021-01-07 07:53:04,4.0
2021-01-06 08:05:19,5.0
2021-01-06 04:21:45,4.0
2021-01-06 03:26:25,5.0
2021-01-04 10:18:00,4.0
2021-01-04 00:01:36,5.0
2021-01-03 19:49:11,3.0
2021-01-03 16:18:11,2.0
2021-01-03 12:54:35,2.0
2021-01-03 07:19:05,4.0
2021-01-02 10:18:49,5.0
2021-01-02 06:16:28,5.0
2021-01-02 06:07:37,4.0
2021-01-01 19:38:39,5.0
2021-01-01 07:47:41,3.0
2021-01-01 01:14:34,3.0
2020-12-31 08:27:39,3.0
2020-12-30 09:33:20,5.0
2020-12-30 07:15:14,5.0
2020-12-30 03:20:15,2.0
2020-12-29 19:23:42,3.0
2020-12-29 16:35:38,5.0
2020-12-29 12:24:55,5.0
2020-12-28 16:28:24,4.0
2020-12-28 10:59:26,4.0
2020-12-28 10:09:42,3.0
2020-12-28 09:51:25,5.0
2020-12-28 08:32:35,4.0
2020-12-28 05:28:17,5.0
2020-12-27 11:56:02,4.0
2020-12-27 03:39:24,5.0
2020-12-26 16:52:59,5.0
2020-12-26 12:49:27,5.0
2020-12-26 04:59:05,4.0
2020-12-26 04:58:26,4.0
2020-12-26 04:47:17,3.0
2020-12-26 02:55:21,4.0
2020-12-24 12:45:57,5.0
2020-12-24 07:48:07,5.0
2020-12-23 05:22:58,4.0
2020-12-20 18:49:22,5.0
2020-12-20 04:16:04,5.0
2020-12-19 06:57:59,5.0
2020-12-18 15:10:26,2.0
2020-12-16 14:49:40,4.0
2020-12-13 13:55:29,4.0
2020-12-13 07:01:06,4.0
2020-12-11 16:47:33,1.0
2020-12-11 14:30:18,4.0
2020-12-10 08:28:01,5.0
2020-12-09 14:14:01,4.0
2020-12-07 08:36:14,5.0
2020-12-05 03:32:45,5.0
2020-11-28 05:17:16,4.0
2020-11-28 03:03:03,4.0
2020-11-27 09:48:45,1.0
2020-11-27 06:11:29,3.0
2020-11-22 19:38:01,5.0
2020-11-22 17:44:34,4.0
2020-11-22 15:12:42,4.0
2020-11-22 06:18:52,5.0
2020-11-21 07:00:31,4.0
2020-11-21 04:11:49,3.0
2020-11-20 15:00:10,5.0
2020-11-20 05:28:27,5.0
2020-11-20 04:04:34,4.0
2020-11-19 12:11:57,4.0
2020-11-18 15:37:22,4.0
2020-11-17 11:12:42,4.0
2020-11-17 05:20:54,4.0
2020-11-17 01:53:12,5.0
2020-11-16 09:39:32,4.0
2020-11-14 08:59:50,5.0
2020-11-13 09:00:00,5.0
2020-11-12 04:33:06,5.0
2020-11-11 06:41:26,5.0
2020-11-10 17:20:36,5.0
2020-11-10 11:32:21,4.0
2020-11-10 08:53:38,4.0
2020-11-07 13:58:11,5.0
2020-11-06 10:06:37,1.0
2020-11-06 03:37:02,5.0
2020-11-05 11:14:57,5.0
2020-11-02 10:18:39,5.0
2020-10-31 13:16:20,5.0
2020-10-31 04:37:15,3.0
2020-10-30 11:40:43,5.0
2020-10-30 10:08:57,3.0
2020-10-27 18:30:44,5.0
2020-10-27 17:15:00,4.0
2020-10-27 16:46:13,4.0
2020-10-27 02:27:16,5.0
2020-10-26 19:08:54,4.0
2020-10-26 03:34:15,3.0
2020-10-20 13:44:26,3.0
2020-10-20 10:03:38,4.0
2020-10-19 11:58:23,5.0
2020-10-19 07:41:25,5.0
2020-10-18 11:23:01,2.0
2020-10-18 10:34:47,5.0
2020-10-17 05:20:56,3.0
2020-10-13 04:53:26,3.0
2020-10-12 09:44:50,4.0
2020-10-10 12:06:41,1.0
2020-10-03 17:30:59,4.0
2020-10-01 11:15:26,4.0
2020-09-29 21:21:34,4.0
2020-09-29 09:27:41,4.0
2020-09-28 17:05:37,1.0
2020-09-27 05:10:05,4.0
2020-09-25 08:13:10,5.0
2020-09-23 00:03:22,3.0
2020-09-21 04:58:41,4.0
2020-09-20 20:01:48,4.0
2020-09-13 07:24:03,5.0
2020-09-10 13:12:48,4.0
2020-09-10 09:16:08,5.0
2020-09-09 03:15:52,5.0
2020-09-05 01:01:16,4.0
2020-09-02 03:35:54,5.0
2020-08-27 17:01:47,4.0
2020-08-11 09:06:10,5.0
2020-05-07 15:05:40,2.0
2020-05-07 09:55:09,5.0
2020-04-29 16:44:19,5.0
2020-04-25 03:45:19,2.0
2020-04-24 18:36:36,5.0
2020-04-18 10:54:45,4.0
2020-04-15 01:12:11,3.0
2020-04-13 12:11:31,4.0
2020-04-10 04:35:00,3.0
2020-03-16 11:57:28,3.0
2020-03-16 00:49:00,1.0
2020-03-15 09:51:23,5.0
2020-03-15 03:50:23,5.0
2020-03-15 03:11:59,2.0
2020-03-14 10:31:15,4.0
2020-03-14 08:37:05,3.0
2020-03-14 08:27:34,5.0
2020-03-13 19:28:36,4.0
2020-03-13 16:45:08,5.0
2020-03-13 06:22:41,5.0
2020-03-13 01:26:43,4.0
2020-03-12 05:44:32,5.0
2020-03-11 09:50:36,5.0
2020-03-10 17:12:49,3.0
2020-03-10 09:43:29,5.0
2020-03-10 04:53:51,5.0
2020-03-10 03:54:36,4.0
2020-03-09 09:28:41,3.0
2020-03-09 08:14:20,5.0
2020-03-08 16:01:54,3.0
2020-03-08 15:23:33,5.0
2020-03-08 13:31:08,4.0
2020-03-08 12:54:28,5.0
2020-03-08 09:14:04,4.0
2020-03-07 09:57:17,2.0
2020-03-07 07:16:13,5.0
2020-03-06 10:37:43,4.0
2020-03-05 16:08:49,4.0
2020-03-05 15:57:01,4.0
2020-03-05 13:57:18,4.0
2020-03-05 00:07:09,5.0
2020-03-03 14:34:36,4.0
2020-03-03 14:12:52,4.0
2020-03-03 06:49:51,5.0
2020-03-03 02:05:28,4.0
2020-03-01 17:18:57,5.0
2020-03-01 03:18:16,4.0
2020-02-29 14:27:16,2.0
2020-02-29 13:29:49,4.0
2020-02-29 09:48:53,4.0
2020-02-29 07:15:57,4.0
2020-02-26 11:06:52,4.0
2020-02-25 15:35:57,4.0
2020-02-25 10:12:02,5.0
2020-02-24 13:02:16,4.0
2020-02-24 09:00:52,4.0
2020-02-23 02:03:06,5.0
2020-02-22 22:18:13,5.0
2020-02-22 03:08:01,4.0
2020-02-21 09:50:00,5.0
2020-02-21 06:25:57,3.0
2020-02-21 04:28:52,4.0
2020-02-21 02:00:07,5.0
2020-02-20 18:27:34,5.0
2020-02-20 16:58:24,4.0
2020-02-20 10:15:48,5.0
2020-02-20 02:35:31,5.0
2020-02-18 11:03:45,5.0
2020-02-18 08:10:57,5.0
2020-02-18 07:47:52,5.0
2020-02-17 18:47:03,4.0
2020-02-17 13:46:51,4.0
2020-02-16 11:57:46,4.0
2020-02-16 09:57:40,5.0
2020-02-16 09:45:18,5.0
2020-02-15 15:27:57,4.0
2020-02-15 14:42:41,3.0
2020-02-15 00:00:50,3.0
2020-02-14 09:41:28,4.0
2020-02-14 03:45:00,5.0
2020-02-13 13:12:36,4.0
2020-02-12 18:43:14,3.0
2020-02-12 16:25:34,2.0
2020-02-12 01:23:51,5.0
2020-02-11 17:30:17,5.0
2020-02-11 06:49:25,3.0
2020-02-11 05:23:38,5.0
2020-02-11 02:54:54,3.0
2020-02-09 05:43:28,5.0
2020-02-09 05:25:25,5.0
2020-02-08 21:17:20,5.0
2020-02-07 17:02:35,4.0
2020-02-07 11:04:01,4.0
2020-02-05 13:16:04,4.0
2020-02-04 17:18:02,5.0
2020-02-04 06:05:11,4.0
2020-02-03 23:10:09,5.0
2020-02-03 01:39:09,4.0
2020-02-02 19:05:02,5.0
2020-02-02 12:54:18,4.0
2020-02-02 11:11:21,5.0
2020-02-02 03:35:40,3.0
2020-01-31 17:37:58,5.0
2020-01-31 12:30:14,5.0
2020-01-31 07:26:09,5.0
2020-01-30 14:37:34,5.0
2020-01-29 12:06:14,2.0
2020-01-28 09:39:13,5.0
2020-01-27 17:40:15,5.0
2020-01-27 04:38:01,4.0
2020-01-26 13:57:45,4.0
2020-01-25 15:18:58,5.0
2020-01-25 13:25:56,4.0
2020-01-23 14:37:28,3.0
2020-01-23 12:00:58,3.0
2020-01-22 14:09:57,5.0
2020-01-21 16:54:09,3.0
2020-01-21 15:28:48,2.0
2020-01-21 13:47:11,3.0
2020-01-21 09:08:11,5.0
2020-01-20 07:35:38,3.0
2020-01-20 07:12:16,4.0
2020-01-20 04:35:43,3.0
2020-01-19 19:49:57,4.0
2020-01-19 14:23:50,5.0
2020-01-19 06:35:18,3.0
2020-01-19 05:51:03,4.0
2020-01-19 04:47:00,5.0
2020-01-19 03:06:24,5.0
2020-01-18 04:59:21,4.0
2020-01-16 09:12:18,4.0
2020-01-15 16:20:53,5.0
2020-01-15 10:37:24,2.0
2020-01-14 06:08:15,4.0
2020-01-13 15:38:14,4.0
2020-01-13 09:26:56,4.0
2020-01-12 10:49:44,1.0
2020-01-12 08:24:49,3.0
2020-01-12 03:21:49,5.0
2020-01-11 09:47:02,2.0
2020-01-10 11:20:20,5.0
2020-01-10 09:50:25,1.0
2020-01-09 19:33:08,4.0
2020-01-09 17:38:24,3.0
2020-01-09 06:23:13,4.0
2020-01-08 18:40:12,5.0
2020-01-08 14:13:51,3.0
2020-01-07 15:17:30,4.0
2020-01-07 09:05:01,5.0
2020-01-06 00:45:21,3.0
2020-01-05 14:34:09,5.0
2020-01-05 09:04:56,1.0
2020-01-04 12:12:34,4.0
2020-01-04 06:15:46,3.0
2020-01-04 04:06:43,5.0
2020-01-03 09:42:20,1.0
2020-01-03 05:26:44,5.0
2020-01-02 15:51:40,5.0
2020-01-02 04:50:37,3.0
2020-01-01 09:07:15,5.0
2019-12-31 13:59:40,5.0
2019-12-31 08:22:28,5.0
2019-12-30 10:53:56,3.0
2019-12-30 09:23:23,1.0
2019-12-30 02:29:29,3.0
2019-12-29 17:00:15,1.0
2019-12-29 13:37:21,5.0
2019-12-28 15:21:47,5.0
2019-12-28 12:44:47,4.0
2019-12-28 11:01:00,5.0
2019-12-28 08:11:17,5.0
2019-12-27 15:10:52,3.0
2019-12-27 13:18:11,4.0
2019-12-27 09:22:44,5.0
2019-12-26 10:12:51,3.0
2019-12-25 12:07:52,5.0
2019-12-25 09:15:19,3.0
2019-12-25 09:02:55,2.0
2019-12-23 12:07:34,1.0
2019-12-23 03:02:58,1.0
2019-12-22 10:38:21,5.0
2019-12-21 02:49:32,4.0
2019-12-18 08:48:14,5.0
2019-12-18 07:13:09,4.0
2019-12-17 15:01:33,4.0
2019-12-16 08:33:04,2.0
2019-12-16 07:08:34,4.0
2019-12-15 14:54:48,2.0
2019-12-15 03:54:05,3.0
2019-12-14 15:41:07,4.0
2019-12-13 16:24:14,4.0
2019-12-13 09:48:20,4.0
2019-12-12 06:47:59,3.0
2019-12-11 08:54:51,4.0
2019-12-10 11:29:41,4.0
2019-12-09 11:21:41,5.0
2019-12-08 14:10:22,5.0
2019-12-08 12:43:39,3.0
2019-12-07 18:22:24,5.0
2019-12-07 16:40:38,2.0
2019-12-07 14:20:42,4.0
2019-12-07 14:01:36,4.0
2019-12-07 00:08:23,3.0
2019-12-05 00:57:07,5.0
2019-12-04 16:16:54,5.0
2019-12-03 16:16:10,5.0
2019-12-03 11:33:42,3.0
2019-12-03 09:47:49,4.0
2019-12-03 07:54:46,1.0
2019-12-03 06:29:38,4.0
2019-12-02 06:07:53,5.0
2019-12-02 03:41:17,5.0
2019-12-01 07:50:26,3.0
2019-12-01 07:06:50,5.0
2019-12-01 04:52:39,5.0
2019-11-28 11:53:15,3.0
2019-11-28 07:16:18,4.0
2019-11-25 17:06:53,5.0
2019-11-25 10:35:21,5.0
2019-11-24 10:46:22,3.0
2019-11-24 10:31:09,2.0
2019-11-23 07:30:01,5.0
2019-11-20 13:09:17,5.0
2019-11-20 03:20:40,3.0
2019-11-19 06:25:02,2.0
2019-11-17 11:02:31,4.0
2019-11-16 15:04:17,4.0
2019-11-16 08:57:49,5.0
2019-11-14 11:29:39,3.0
2019-11-13 19:08:54,4.0
2019-11-13 17:55:04,4.0
2019-11-13 03:50:36,5.0
2019-11-12 10:53:12,3.0
2019-11-12 09:12:38,4.0
2019-11-12 05:43:45,5.0
2019-11-10 04:19:55,1.0
2019-11-09 09:53:59,4.0
2019-11-08 14:08:07,1.0
2019-11-07 12:10:40,4.0
2019-11-07 09:30:23,3.0
2019-11-07 03:54:28,3.0
2019-11-06 09:13:31,4.0
2019-11-05 20:54:29,4.0
2019-11-05 09:06:27,3.0
2019-11-05 04:35:38,5.0
2019-11-04 03:13:33,5.0
2019-11-04 00:45:49,3.0
2019-11-03 15:11:46,4.0
2019-11-03 09:58:38,2.0
2019-11-01 11:50:59,5.0
2019-10-30 15:39:39,5.0
2019-10-30 14:47:21,2.0
2019-10-30 04:53:50,2.0
2019-10-30 01:41:51,3.0
2019-10-29 11:10:12,4.0
2019-10-29 10:16:43,3.0
2019-10-29 05:18:17,4.0
2019-10-29 04:35:15,3.0
2019-10-29 04:04:16,3.0
2019-10-28 03:04:10,5.0
2019-10-25 12:04:19,1.0
2019-10-24 05:48:09,5.0
2019-10-23 09:40:10,3.0
2019-10-22 15:49:41,3.0
2019-10-22 10:43:23,5.0
2019-10-22 09:09:11,3.0
2019-10-21 00:50:07,5.0
2019-10-20 20:48:54,5.0
2019-10-18 07:53:22,3.0
2019-10-18 02:45:29,3.0
2019-10-14 07:27:48,4.0
2019-10-13 08:55:17,1.0
2019-10-12 11:21:04,5.0
2019-10-11 16:22:53,3.0
2019-10-09 07:32:30,5.0
2019-10-06 13:55:44,4.0
2019-10-06 13:39:28,2.0
2019-10-06 07:45:21,5.0
2019-10-05 03:14:06,4.0
2019-10-04 10:01:05,4.0
2019-10-04 06:34:35,2.0
2019-10-03 16:35:14,5.0
2019-10-02 10:00:41,3.0
2019-10-01 07:31:49,4.0
2019-09-27 04:42:19,5.0
2019-09-24 18:03:37,5.0
2019-09-23 12:27:17,4.0
2019-09-21 15:36:24,3.0
2019-09-21 10:11:54,3.0
2019-09-18 12:47:55,5.0
2019-09-16 15:37:38,3.0
2019-09-16 13:10:11,5.0
2019-09-15 17:36:23,4.0
2019-09-15 10:47:23,5.0
2019-09-14 13:33:05,5.0
2019-09-14 10:30:31,4.0
2019-09-14 06:18:47,5.0
2019-09-14 00:48:59,4.0
2019-09-13 14:43:07,5.0
2019-09-13 09:23:04,2.0
2019-09-13 09:16:21,4.0
2019-09-12 07:26:17,4.0
2019-09-12 03:42:26,5.0
2019-09-11 04:16:39,5.0
2019-09-10 06:42:26,1.0
2019-09-09 18:47:42,5.0
2019-09-08 15:37:47,5.0
2019-09-08 06:59:12,5.0
2019-09-07 17:22:53,4.0
2019-09-07 16:46:29,5.0
2019-09-07 13:41:51,4.0
2019-09-05 11:18:36,5.0
2019-09-04 13:11:50,5.0
2019-09-04 13:07:32,2.0
2019-09-03 15:03:53,3.0
2019-08-31 04:28:39,3.0
2019-08-31 01:57:24,5.0
2019-08-30 03:39:43,3.0
2019-08-27 01:58:07,5.0
2019-08-26 13:29:26,5.0
2019-08-26 12:02:38,4.0
2019-08-25 05:43:57,4.0
2019-08-25 01:07:08,5.0
2019-08-23 04:36:55,5.0
2019-08-22 08:53:58,4.0
2019-08-20 17:43:38,5.0
2019-08-20 09:40:43,5.0
2019-08-18 10:40:11,4.0
2019-08-17 14:26:42,3.0
2019-08-17 10:05:05,5.0
2019-08-17 09:08:22,4.0
2019-08-17 08:36:33,5.0
2019-08-17 05:07:33,5.0
2019-08-17 04:56:51,3.0
2019-08-17 03:05:52,3.0
2019-08-16 17:01:58,5.0
2019-08-15 09:27:29,4.0
2019-08-15 08:06:22,3.0
2019-08-15 00:53:59,4.0
2019-08-14 17:11:52,4.0
2019-08-14 16:13:43,4.0
2019-08-14 15:46:52,3.0
2019-08-14 04:44:12,5.0
2019-08-13 11:09:00,4.0
2019-08-13 05:24:53,5.0
2019-08-11 18:49:07,4.0
2019-08-11 18:15:08,3.0
2019-08-11 07:49:40,4.0
2019-08-09 16:11:50,5.0
2019-08-06 17:11:17,5.0
2019-08-01 18:28:54,3.0
2019-08-01 17:34:06,3.0
2019-07-31 03:40:18,5.0
2019-07-30 05:49:35,4.0
2019-07-28 12:14:24,4.0
2019-07-28 09:10:16,5.0
2019-07-27 09:25:49,4.0
2019-07-26 13:19:13,5.0
2019-07-26 06:22:16,4.0
2019-07-24 18:55:44,3.0
2019-07-21 11:34:06,5.0
2019-07-21 10:32:40,3.0
2019-07-21 09:34:23,5.0
2019-07-20 17:51:32,4.0
2019-07-20 10:56:55,5.0
2019-07-20 09:39:29,2.0
2019-07-19 12:09:33,5.0
2019-07-17 15:27:40,5.0
2019-07-13 15:38:00,4.0
2019-07-13 12:10:44,1.0
2019-07-13 09:03:16,2.0
2019-07-13 08:22:19,5.0
2019-07-11 08:37:33,4.0
2019-07-11 08:36:20,4.0
2019-07-11 08:29:37,3.0
2019-07-10 00:16:59,3.0
2019-07-09 09:28:32,3.0
2019-07-09 09:05:31,5.0
2019-07-09 08:42:38,5.0
2019-07-08 18:35:29,5.0
2019-07-08 16:27:59,3.0
2019-07-07 11:51:30,5.0
2019-07-07 09:04:45,5.0
2019-07-07 05:10:30,5.0
2019-07-05 14:53:54,3.0
2019-07-05 05:37:03,5.0
2019-07-04 08:39:52,4.0
2019-07-01 15:10:05,5.0
2019-07-01 09:02:20,4.0
2019-06-30 15:42:50,4.0
2019-06-26 14:52:34,3.0
2019-06-25 10:38:41,4.0
2019-06-25 05:24:29,5.0
2019-06-24 10:54:59,4.0
2019-06-23 08:47:16,2.0
2019-06-23 04:07:38,5.0
2019-06-21 09:31:57,4.0
2019-06-20 03:20:20,4.0
2019-06-17 15:53:40,4.0
2019-06-17 12:33:06,4.0
2019-06-16 10:43:43,5.0
2019-06-16 10:07:06,5.0
2019-06-14 17:28:16,2.0
2019-06-13 06:19:24,5.0
2019-06-12 07:09:39,5.0
2019-06-10 19:31:03,1.0
2019-06-10 03:16:17,1.0
2019-06-08 11:09:42,3.0
2019-06-08 08:38:02,5.0
2019-06-07 14:52:33,3.0
2019-06-06 10:43:21,4.0
2019-06-06 10:42:13,3.0
2019-06-06 08:56:04,3.0
2019-06-05 05:42:23,1.0
2019-06-05 01:58:08,3.0
2019-06-04 09:42:36,4.0
2019-06-02 11:13:55,3.0
2019-06-02 07:04:42,5.0
2019-05-31 18:43:21,4.0
2019-05-31 01:07:33,4.0
2019-05-30 22:12:52,5.0
2019-05-30 05:04:19,5.0
2019-05-26 10:33:42,5.0
2019-05-26 09:39:36,5.0
2019-05-26 07:09:34,5.0
2019-05-25 08:56:22,4.0
2019-05-25 06:06:26,2.0
2019-05-25 01:40:01,5.0
2019-05-24 16:38:14,5.0
2019-05-24 13:42:25,1.0
2019-05-21 04:02:43,4.0
2019-05-19 08:17:08,5.0
2019-05-19 00:06:08,4.0
2019-05-18 09:41:18,1.0
2019-05-18 09:40:11,4.0
2019-05-17 09:13:51,4.0
2019-05-16 11:59:20,5.0
2019-05-15 06:30:52,5.0
2019-05-12 15:09:23,3.0
2019-05-11 13:41:59,5.0
2019-05-11 08:48:30,4.0
2019-05-11 06:04:22,5.0
2019-05-10 17:41:25,4.0
2019-05-10 12:22:10,1.0
2019-05-10 06:05:37,4.0
2019-05-08 16:13:15,4.0
2019-05-08 08:36:13,1.0
2019-05-07 09:55:12,4.0
2019-05-06 17:22:22,5.0
2019-05-05 11:23:55,3.0
2019-05-04 11:10:10,5.0
2019-05-02 07:56:44,5.0
2019-05-01 09:04:46,4.0
2019-05-01 05:16:13,3.0
2019-04-30 14:06:42,5.0
2019-04-29 10:21:48,4.0
2019-04-25 14:32:27,5.0
2019-04-25 09:06:49,3.0
2019-04-24 17:06:49,3.0
2019-04-24 15:59:46,5.0
2019-04-23 01:04:17,3.0
2019-04-21 06:35:52,4.0
2019-04-20 15:27:49,5.0
2019-04-19 14:54:31,3.0
2019-04-19 01:08:15,5.0
2019-04-18 23:43:59,4.0
2019-04-18 16:06:30,4.0
2019-04-18 13:03:27,4.0
2019-04-17 12:44:16,4.0
2019-04-17 02:37:19,1.0
2019-04-15 13:16:19,5.0
2019-04-12 15:03:44,5.0
2019-04-11 12:08:33,5.0
2019-04-10 11:06:35,4.0
2019-04-10 09:46:58,4.0
2019-04-09 10:08:41,4.0
2019-04-09 06:16:30,5.0
2019-04-08 07:32:20,1.0
2019-04-08 03:59:55,5.0
2019-04-07 18:15:59,4.0
2019-04-07 18:00:19,3.0
2019-04-07 08:47:24,4.0
2019-04-07 00:17:07,4.0
2019-04-06 15:35:05,3.0
2019-04-06 03:04:21,4.0
2019-04-05 14:43:13,3.0
2019-04-04 13:17:49,2.0
2019-04-02 12:39:51,5.0
2019-04-02 09:37:53,4.0
2019-04-02 06:10:24,3.0
2019-04-02 03:44:10,4.0
2019-03-31 18:08:37,5.0
2019-03-31 16:03:22,5.0
2019-03-30 17:31:13,5.0
2019-03-29 15:51:12,1.0
2019-03-28 08:11:35,5.0
2019-03-28 03:25:51,4.0
2019-03-26 13:12:38,4.0
2019-03-26 11:47:17,4.0
2019-03-26 11:42:25,3.0
2019-03-26 09:43:02,2.0
2019-03-26 06:50:31,3.0
2019-03-26 03:52:23,5.0
2019-03-24 14:52:37,4.0
2019-03-24 13:16:12,5.0
2019-03-23 17:53:58,4.0
2019-03-23 02:33:21,3.0
2019-03-22 14:52:56,5.0
2019-03-22 02:10:44,5.0
2019-03-19 15:41:24,5.0
2019-03-18 10:45:58,4.0
2019-03-18 06:50:57,3.0
2019-03-17 07:43:44,1.0
2019-03-16 10:12:09,4.0
2019-03-12 03:03:21,4.0
2019-03-11 16:24:30,4.0
2019-03-11 11:32:02,5.0
2019-03-10 09:48:34,1.0
2019-03-09 16:04:43,3.0
2019-03-09 07:22:01,5.0
2019-03-08 12:17:19,5.0
2019-03-07 08:39:01,3.0
2019-03-06 05:00:15,5.0
2019-03-04 05:32:34,5.0
2019-03-03 15:06:49,5.0
2019-02-28 00:13:07,4.0
2019-02-26 15:01:55,4.0
2019-02-23 08:48:13,5.0
2019-02-23 08:22:29,3.0
2019-02-22 16:32:26,5.0
2019-02-21 01:54:05,3.0
2019-02-19 17:23:35,3.0
2019-02-19 14:04:51,5.0
2019-02-18 06:06:34,4.0
2019-02-18 05:46:07,3.0
2019-02-17 19:23:21,3.0
2019-02-17 09:33:02,4.0
2019-02-16 16:19:47,2.0
2019-02-16 15:03:09,3.0
2019-02-16 06:43:03,5.0
2019-02-15 11:38:18,4.0
2019-02-10 15:24:19,5.0
2019-02-10 13:30:12,5.0
2019-02-10 10:13:24,5.0
2019-02-10 08:17:09,4.0
2019-02-09 17:56:29,3.0
2019-02-09 10:39:09,4.0
2019-02-08 13:11:15,4.0
2019-02-08 05:07:56,5.0
2019-02-07 20:38:53,5.0
2019-02-07 08:32:22,4.0
2019-02-06 16:26:20,3.0
2019-02-06 13:49:41,4.0
2019-02-05 15:01:28,4.0
2019-02-05 06:24:32,5.0
2019-02-04 08:10:49,3.0
2019-02-03 11:27:15,4.0
2019-02-02 12:32:08,4.0
2019-02-01 10:45:35,4.0
2019-01-31 11:20:49,3.0
2019-01-31 06:52:48,3.0
2019-01-30 08:37:36,3.0
2019-01-30 06:25:21,2.0
2019-01-29 06:27:08,4.0
2019-01-28 05:41:16,5.0
2019-01-27 11:23:08,5.0
2019-01-26 06:16:01,3.0
2019-01-25 01:44:49,5.0
2019-01-24 14:26:53,3.0
2019-01-24 10:02:31,5.0
2019-01-23 10:42:37,4.0
2019-01-23 10:17:50,5.0
2019-01-23 07:13:22,4.0
2019-01-23 05:43:33,3.0
2019-01-23 04:35:38,5.0
2019-01-21 15:41:00,5.0
2019-01-20 13:07:40,4.0
2019-01-20 11:27:35,5.0
2019-01-20 10:56:15,3.0
2019-01-20 09:03:30,5.0
2019-01-20 04:16:51,4.0
2019-01-19 17:30:47,4.0
2019-01-19 11:33:34,2.0
2019-01-19 07:46:34,2.0
2019-01-18 16:04:52,3.0
2019-01-18 15:54:36,5.0
2019-01-18 10:46:20,4.0
2019-01-18 09:27:21,4.0
2019-01-18 04:47:31,5.0
2019-01-17 09:55:39,4.0
2019-01-16 09:56:39,2.0
2019-01-16 06:00:47,3.0
2019-01-15 15:32:47,1.0
2019-01-15 07:49:42,3.0
2019-01-15 00:19:00,4.0
2019-01-14 16:33:41,4.0
2019-01-14 16:22:16,3.0
2019-01-14 12:46:42,3.0
2019-01-14 09:31:48,4.0
2019-01-13 08:25:04,4.0
2019-01-12 15:19:01,5.0
2019-01-12 06:53:44,2.0
2019-01-12 05:08:57,4.0
2019-01-12 03:58:07,4.0
2019-01-11 10:37:50,5.0
2019-01-10 11:51:53,4.0
2019-01-10 05:54:09,4.0
2019-01-09 16:33:40,5.0
2019-01-09 08:02:28,4.0
2019-01-06 13:37:34,4.0
2019-01-05 02:39:12,4.0
2019-01-03 22:54:19,4.0
2019-01-03 06:21:54,4.0
2019-01-02 09:38:29,4.0
2019-01-02 07:31:28,4.0
2019-01-02 04:35:27,4.0
2019-01-01 06:26:21,5.0
2019-01-01 00:01:10,5.0
2018-12-31 16:52:19,5.0
2018-12-31 01:55:06,4.0
2018-12-30 14:06:06,5.0
2018-12-30 12:30:18,1.0
2018-12-30 05:18:36,5.0
2018-12-29 14:24:24,1.0
2018-12-29 10:08:08,4.0
2018-12-29 01:38:44,4.0
2018-12-28 16:57:13,4.0
2018-12-28 12:08:44,5.0
2018-12-28 09:42:56,4.0
2018-12-28 03:53:17,4.0
2018-12-27 08:57:50,4.0
2018-12-27 06:17:48,4.0
2018-12-26 12:37:02,5.0
2018-12-26 06:33:49,4.0
2018-12-24 06:12:15,3.0
2018-12-23 13:27:33,5.0
2018-12-23 07:06:37,3.0
2018-12-22 15:25:34,5.0
2018-12-22 11:10:57,1.0
2018-12-21 12:27:25,4.0
2018-12-21 01:11:12,5.0
2018-12-20 06:07:35,5.0
2018-12-20 02:32:48,3.0
2018-12-18 16:11:00,3.0
2018-12-18 14:04:18,1.0
2018-12-18 07:04:43,5.0
2018-12-17 06:33:01,3.0
2018-12-15 17:58:14,5.0
2018-12-15 15:53:38,4.0
2018-12-14 14:44:21,5.0
2018-12-14 10:17:11,5.0
2018-12-14 02:03:17,2.0
2018-12-13 18:14:10,2.0
2018-12-13 07:08:16,4.0
2018-12-13 06:35:13,5.0
2018-12-12 08:05:39,3.0
2018-12-11 13:45:04,4.0
2018-12-11 13:39:00,4.0
2018-12-08 16:48:00,2.0
2018-12-08 05:07:53,4.0
2018-12-06 04:21:17,5.0
2018-12-05 11:11:44,3.0
2018-12-05 02:08:46,5.0
2018-12-03 14:35:42,4.0
2018-12-02 08:06:19,1.0
2018-12-02 03:55:35,2.0
2018-11-30 15:39:29,5.0
2018-11-30 13:42:13,3.0
2018-11-29 13:01:09,4.0
2018-11-29 11:11:57,3.0
2018-11-28 14:31:09,4.0
2018-11-28 12:51:17,5.0
2018-11-27 13:49:42,4.0
2018-11-26 09:18:53,3.0
2018-11-26 08:06:56,1.0
2018-11-25 11:21:48,1.0
2018-11-25 03:15:43,5.0
2018-11-24 22:22:43,5.0
2018-11-24 15:55:17,5.0
2018-11-24 03:34:25,4.0
2018-11-23 06:39:24,5.0
2018-11-21 08:05:11,3.0
2018-11-20 10:07:40,4.0
2018-11-19 16:32:48,4.0
2018-11-19 14:34:02,5.0
2018-11-18 10:02:12,5.0
2018-11-16 06:35:54,5.0
2018-11-16 06:07:36,4.0
2018-11-16 04:39:18,5.0
2018-11-14 11:35:28,5.0
2018-11-14 09:01:25,2.0
2018-11-13 07:55:04,5.0
2018-11-13 03:57:30,3.0
2018-11-13 00:49:39,4.0
2018-11-11 14:04:29,4.0
2018-11-09 16:39:11,3.0
2018-11-09 05:28:32,4.0
2018-11-09 05:07:35,5.0
2018-11-08 18:14:03,5.0
2018-11-08 14:33:10,5.0
2018-11-08 09:45:57,5.0
2018-11-08 08:27:40,5.0
2018-11-08 04:23:45,5.0
2018-11-06 03:29:43,4.0
2018-11-04 16:55:16,1.0
2018-11-04 16:32:03,4.0
2018-11-02 10:37:49,5.0
2018-11-02 06:54:21,4.0
2018-11-02 05:08:28,4.0
2018-10-31 09:50:09,4.0
2018-10-31 05:21:17,2.0
2018-10-29 17:21:59,5.0
2018-10-28 12:11:12,3.0
2018-10-28 12:06:43,2.0
2018-10-28 07:08:59,5.0
2018-10-27 18:48:52,4.0
2018-10-26 15:08:12,5.0
2018-10-24 07:07:36,4.0
2018-10-23 08:29:59,4.0
2018-10-23 04:20:19,4.0
2018-10-22 17:04:43,4.0
2018-10-22 12:00:37,3.0
2018-10-22 06:18:11,2.0
2018-10-21 14:47:22,3.0
2018-10-21 13:49:42,5.0
2018-10-21 12:44:20,3.0
2018-10-21 08:36:42,1.0
2018-10-20 13:01:22,5.0
2018-10-20 06:48:12,5.0
2018-10-19 16:27:02,3.0
2018-10-19 12:51:43,3.0
2018-10-19 08:15:32,1.0
2018-10-19 04:37:46,4.0
2018-10-18 18:56:57,1.0
2018-10-18 11:01:51,5.0
2018-10-18 06:39:43,4.0
2018-10-18 05:31:13,4.0
2018-10-17 18:01:32,3.0
2018-10-17 10:19:02,3.0
2018-10-17 09:39:10,5.0
2018-10-16 06:11:16,4.0
2018-10-16 05:49:45,4.0
2018-10-16 05:14:26,4.0
2018-10-16 02:17:23,5.0
2018-10-14 05:00:56,4.0
2018-10-13 16:46:28,5.0
2018-10-12 10:24:36,3.0
2018-10-10 16:58:23,2.0
2018-10-08 13:52:38,3.0
2018-10-07 08:02:36,5.0
2018-10-07 07:56:15,4.0
2018-10-06 06:44:12,5.0
2018-10-05 14:39:39,5.0
2018-10-03 18:23:13,4.0
2018-10-03 04:07:24,4.0
2018-10-02 18:16:27,4.0
2018-10-02 08:45:12,4.0
2018-10-01 14:42:57,2.0
2018-09-30 14:48:53,4.0
2018-09-30 14:00:58,5.0
2018-09-30 12:54:59,5.0
2018-09-28 07:26:05,1.0
2018-09-27 07:30:50,4.0
2018-09-25 03:46:28,4.0
2018-09-24 14:33:27,5.0
2018-09-24 12:59:45,4.0
2018-09-23 10:31:36,4.0
2018-09-21 16:36:15,5.0
2018-09-21 14:41:06,1.0
2018-09-21 10:30:25,4.0
2018-09-21 04:15:13,4.0
2018-09-20 16:20:58,5.0
2018-09-20 15:21:42,5.0
2018-09-19 06:18:13,5.0
2018-09-16 13:01:07,4.0
2018-09-16 11:41:09,5.0
2018-09-15 13:44:12,3.0
2018-09-15 11:59:14,5.0
2018-09-15 02:44:41,5.0
2018-09-14 18:05:47,3.0
2018-09-14 06:32:45,5.0
2018-09-13 16:29:09,4.0
2018-09-12 05:45:46,5.0
2018-09-10 09:27:55,3.0
2018-09-09 02:17:41,5.0
2018-09-08 11:30:50,4.0
2018-09-08 05:35:06,5.0
2018-09-07 13:04:45,4.0
2018-09-03 12:09:39,3.0
2018-09-02 01:33:47,4.0
2018-08-31 18:59:02,4.0
2018-08-31 15:17:57,5.0
2018-08-31 10:12:58,3.0
2018-08-31 04:47:41,5.0
2018-08-30 01:51:16,3.0
2018-08-29 10:06:08,4.0
2018-08-28 14:06:10,3.0
2018-08-28 12:57:32,4.0
2018-08-27 13:16:14,4.0
2018-08-27 11:44:32,3.0
2018-08-27 05:12:14,4.0
2018-08-26 10:57:42,5.0
2018-08-26 10:29:32,4.0
2018-08-26 07:53:34,3.0
2018-08-24 16:11:39,5.0
2018-08-24 06:52:28,3.0
2018-08-23 11:29:05,2.0
2018-08-22 10:15:32,5.0
2018-08-21 04:34:09,4.0
2018-08-19 10:14:22,2.0
2018-08-19 07:52:07,3.0
2018-08-14 18:07:41,4.0
2018-08-14 16:35:03,4.0
2018-08-12 15:23:41,4.0
2018-08-12 07:19:20,4.0
2018-08-11 16:58:37,4.0
2018-08-11 14:00:26,5.0
2018-08-11 03:46:16,2.0
2018-08-09 07:09:25,4.0
2018-08-08 09:28:52,5.0
2018-08-06 15:34:55,3.0
2018-08-06 15:21:31,3.0
2018-08-06 00:58:31,5.0
2018-08-05 10:16:40,3.0
2018-08-04 17:28:10,5.0
2018-08-03 11:03:28,3.0
2018-08-03 08:21:25,4.0
2018-08-03 00:58:53,5.0
2018-07-31 01:03:58,5.0
2018-07-26 13:34:57,4.0
2018-07-22 16:24:03,5.0
2018-07-21 13:17:06,5.0
2018-07-20 08:54:23,4.0
2018-07-19 13:57:03,4.0
2018-07-18 01:06:42,5.0
2018-07-17 13:29:40,3.0
2018-07-17 10:11:51,2.0
2018-07-14 13:58:51,4.0
2018-07-12 11:12:26,5.0
2018-07-12 06:30:22,5.0
2018-07-11 13:55:17,1.0
2018-07-11 02:34:46,4.0
2018-07-10 17:53:54,4.0
2018-07-07 11:33:52,5.0
2018-07-07 09:48:03,1.0
2018-07-07 01:06:15,3.0
2018-07-05 11:53:44,4.0
2018-07-04 10:39:09,5.0
2018-07-04 10:06:47,3.0
2018-07-04 09:23:01,3.0
2018-07-04 06:28:08,5.0
2018-07-04 04:03:23,4.0
2018-07-03 11:21:52,5.0
2018-07-03 09:11:18,1.0
2018-07-02 05:52:05,5.0
2018-07-02 05:15:03,4.0
2018-07-01 07:33:33,4.0
2018-06-30 14:11:39,5.0
2018-06-30 04:30:41,5.0
2018-06-27 22:04:39,4.0
2018-06-27 15:46:27,4.0
2018-06-26 12:34:02,4.0
2018-06-26 07:33:37,4.0
2018-06-26 02:37:18,4.0
2018-06-24 14:09:16,5.0
2018-06-24 07:50:31,5.0
2018-06-24 04:44:17,4.0
2018-06-23 17:27:41,3.0
2018-06-23 11:43:23,4.0
2018-06-23 06:50:01,5.0
2018-06-22 04:47:21,4.0
2018-06-21 13:53:50,2.0
2018-06-20 01:52:21,3.0
2018-06-17 09:52:47,5.0
2018-06-16 12:19:10,1.0
2018-06-15 09:03:47,3.0
2018-06-13 06:10:22,2.0
2018-06-12 03:19:15,4.0
2018-06-12 02:19:20,4.0
2018-06-11 11:16:39,5.0
2018-06-11 09:49:42,5.0
2018-06-11 04:34:45,3.0
2018-06-09 13:29:57,3.0
2018-06-09 12:50:53,3.0
2018-06-08 00:57:05,1.0
2018-06-06 16:13:17,4.0
2018-06-05 15:09:51,3.0
2018-06-04 04:33:34,4.0
2018-06-03 23:03:18,1.0
2018-06-03 05:06:00,1.0
2018-06-02 05:06:23,4.0
2018-05-30 22:01:48,3.0
2018-05-29 08:54:59,5.0
2018-05-28 08:54:19,1.0
2018-05-26 08:35:17,1.0
2018-05-26 08:12:54,3.0
2018-05-24 08:23:15,5.0
2018-05-22 03:04:21,4.0
2018-05-21 03:50:10,4.0
2018-05-19 15:39:35,2.0
2018-05-18 10:02:05,5.0
2018-05-17 05:41:26,2.0
2018-05-16 13:35:52,5.0
2018-05-15 06:16:19,5.0
2018-05-13 14:24:04,3.0
2018-05-13 00:41:31,3.0
2018-05-12 12:00:03,3.0
2018-05-12 08:28:44,4.0
2018-05-10 16:34:12,5.0
2018-05-10 06:11:29,3.0
2018-05-09 17:32:30,5.0
2018-05-09 15:59:52,3.0
2018-05-09 12:21:04,5.0
2018-05-08 13:36:55,5.0
2018-05-08 11:45:46,5.0
2018-05-08 08:57:07,5.0
2018-05-08 05:23:04,5.0
2018-05-07 06:09:55,5.0
2018-05-07 02:26:11,3.0
2018-05-05 12:51:19,3.0
2018-05-04 14:10:23,4.0
2018-05-04 11:45:19,3.0
2018-05-03 14:51:47,5.0
2018-05-02 17:20:10,4.0
2018-05-02 13:19:56,3.0
2018-05-01 03:27:15,3.0
2018-04-28 17:55:33,5.0
2018-04-28 16:59:54,5.0
2018-04-28 05:24:07,4.0
2018-04-27 19:28:07,4.0
2018-04-26 13:36:45,4.0
2018-04-26 10:49:10,5.0
2018-04-23 06:25:22,1.0
2018-04-22 05:41:55,4.0
2018-04-22 04:58:48,3.0
2018-04-21 09:21:20,4.0
2018-04-19 17:33:32,4.0
2018-04-19 13:04:48,1.0
2018-04-19 04:23:25,4.0
2018-04-18 13:31:50,5.0
2018-04-17 12:03:19,4.0
2018-04-17 04:28:57,4.0
2018-04-16 15:05:05,2.0
2018-04-16 08:21:45,5.0
2018-04-15 03:30:11,3.0
2018-04-11 07:38:51,3.0
2018-04-08 16:25:23,5.0
2018-04-08 03:58:48,1.0
2018-04-07 02:29:51,5.0
2018-04-06 04:18:57,1.0
2018-04-04 12:23:58,5.0
2018-04-03 08:36:46,1.0
2018-04-02 10:56:18,5.0
2018-04-02 09:34:21,3.0
2018-04-01 14:33:40,2.0
2018-04-01 10:56:21,5.0
2018-03-30 13:01:59,5.0
2018-03-29 10:43:29,1.0
2018-03-27 16:57:02,4.0
2018-03-27 04:15:38,3.0
2018-03-26 10:05:26,5.0
2018-03-26 07:03:32,4.0
2018-03-19 07:23:41,5.0
2018-03-16 17:12:44,5.0
2018-03-15 09:29:46,4.0
2018-03-14 10:41:53,1.0
2018-03-12 06:32:54,4.0
2018-03-10 17:03:53,4.0
2018-03-10 02:18:14,2.0
2018-03-09 14:44:18,1.0
2018-03-09 13:53:54,4.0
2018-03-09 05:53:13,5.0
2018-03-07 20:07:02,2.0
2018-03-07 14:47:58,3.0
2018-03-07 01:37:08,3.0
2018-03-06 14:30:18,3.0
2018-03-06 07:09:00,1.0
2018-03-06 00:31:06,3.0
2018-03-05 06:15:01,5.0
2018-03-04 18:06:18,4.0
2018-03-04 12:54:26,5.0
2018-03-04 06:05:12,5.0
2018-03-03 05:00:47,4.0
2018-03-02 00:59:45,3.0
2018-03-01 03:53:49,3.0
2018-02-28 08:38:45,4.0
2018-02-27 01:17:12,4.0
2018-02-26 02:59:19,5.0
2018-02-25 09:49:44,2.0
2018-02-21 06:46:58,3.0
2018-02-21 02:55:39,2.0
2018-02-20 14:32:14,3.0
2018-02-20 11:17:10,5.0
2018-02-17 13:08:57,5.0
2018-02-17 05:47:25,2.0
2018-02-16 06:36:32,4.0
2018-02-15 11:03:39,4.0
2018-02-15 10:04:48,3.0
2018-02-14 10:37:00,4.0
2018-02-14 08:51:09,5.0
2018-02-13 16:11:20,4.0
2018-02-13 05:24:26,4.0
2018-02-11 09:16:44,4.0
2018-02-11 05:34:33,5.0
2018-02-10 14:33:53,4.0
2018-02-10 08:27:15,4.0
2018-02-10 03:20:16,5.0
2018-02-09 14:23:59,1.0
2018-02-08 12:39:38,5.0
2018-02-08 02:55:11,5.0
2018-02-05 06:49:29,4.0
2018-02-05 06:37:29,4.0
2018-02-05 01:55:21,4.0
2018-02-04 13:57:38,5.0
2018-02-03 14:49:54,3.0
2018-02-03 02:07:14,2.0
2018-01-30 16:33:13,5.0
2018-01-30 14:42:50,1.0
2018-01-30 11:04:42,4.0
2018-01-30 02:20:56,3.0
2018-01-29 04:16:04,4.0
2018-01-27 07:40:08,3.0
2018-01-27 01:09:47,2.0
2018-01-25 12:02:15,1.0
2018-01-25 04:25:48,4.0
2018-01-25 04:21:09,3.0
2018-01-24 05:45:55,4.0
2018-01-23 22:43:20,4.0
2018-01-23 12:47:23,5.0
2018-01-23 10:32:51,4.0
2018-01-23 09:14:07,2.0
2018-01-22 14:18:08,5.0
2018-01-20 02:35:06,4.0
2018-01-19 10:28:11,3.0
2018-01-17 02:18:48,3.0
2018-01-15 13:27:43,5.0
2018-01-13 16:01:02,3.0
2018-01-13 15:45:17,3.0
2018-01-13 06:33:08,4.0
2018-01-11 10:17:52,5.0
2018-01-11 02:16:37,5.0
2018-01-10 12:13:03,1.0
2018-01-10 11:09:15,4.0
2018-01-09 06:53:48,5.0
2018-01-04 16:31:05,3.0
2018-01-04 02:00:22,2.0
2018-01-04 02:00:06,5.0
2018-01-03 03:31:27,3.0
2018-01-02 01:19:21,3.0
2018-01-01 14:42:50,4.0
2018-01-01 05:12:46,5.0
2017-12-31 10:28:12,4.0
2017-12-31 09:00:11,5.0
2017-12-30 08:18:51,4.0
2017-12-30 07:17:11,5.0
2017-12-29 18:09:00,4.0
2017-12-29 13:44:10,3.0
2017-12-29 09:52:56,5.0
2017-12-29 04:24:33,5.0
2017-12-28 12:38:28,3.0
2017-12-28 06:08:07,4.0
2017-12-27 14:03:13,1.0
2017-12-26 16:09:18,1.0
2017-12-26 10:02:05,3.0
2017-12-26 01:18:40,2.0
2017-12-25 15:05:19,3.0
2017-12-24 15:04:37,3.0
2017-12-24 09:09:41,1.0
2017-12-23 22:19:41,3.0
2017-12-23 09:45:30,5.0
2017-12-22 17:32:09,5.0
2017-12-22 09:24:59,1.0
2017-12-22 05:32:38,5.0
2017-12-22 03:12:23,4.0
2017-12-21 16:56:57,5.0
2017-12-21 08:42:42,4.0
2017-12-21 03:48:57,4.0
2017-12-19 15:04:44,5.0
2017-12-19 12:16:53,1.0
2017-12-18 12:45:02,5.0
2017-12-18 11:02:32,5.0
2017-12-18 02:02:11,2.0
2017-12-17 14:26:48,5.0
2017-12-16 14:05:27,4.0
2017-12-13 14:59:06,5.0
2017-12-13 09:18:14,4.0
2017-12-12 09:48:01,3.0
2017-12-12 03:43:12,3.0
2017-12-11 10:32:01,5.0
2017-12-10 16:58:59,3.0
2017-12-10 15:54:30,3.0
2017-12-09 08:05:33,3.0
2017-12-08 17:50:09,4.0
2017-12-07 09:17:49,3.0
2017-12-06 04:01:15,4.0
2017-12-05 03:51:16,4.0
2017-12-03 10:41:44,2.0
2017-12-03 07:31:23,3.0
2017-11-30 08:23:31,2.0
2017-11-29 13:01:47,5.0
2017-11-27 15:12:36,5.0
2017-11-27 12:20:11,4.0
2017-11-27 06:55:57,4.0
2017-11-27 03:12:09,3.0
2017-11-26 10:59:30,3.0
2017-11-25 09:13:22,4.0
2017-11-24 09:25:49,3.0
2017-11-22 16:54:18,3.0
2017-11-22 05:20:17,4.0
2017-11-22 01:37:02,5.0
2017-11-22 01:27:16,5.0
2017-11-21 06:20:40,4.0
2017-11-21 02:58:49,4.0
2017-11-21 00:06:02,3.0
2017-11-19 17:45:29,2.0
2017-11-19 07:09:31,3.0
2017-11-19 04:14:31,1.0
2017-11-17 12:25:22,4.0
2017-11-15 18:26:03,4.0
2017-11-15 05:19:07,4.0
2017-11-12 17:05:28,4.0
2017-11-11 05:10:57,4.0
2017-11-11 04:01:48,4.0
2017-11-10 02:53:54,5.0
2017-11-07 18:20:03,5.0
2017-11-07 01:32:47,4.0
2017-11-05 05:15:00,4.0
2017-11-04 05:35:37,3.0
2017-10-31 06:04:57,4.0
2017-10-30 07:48:10,4.0
2017-10-28 02:35:56,4.0
2017-10-25 10:15:07,5.0
2017-10-23 14:09:38,3.0
2017-10-22 19:05:27,4.0
2017-10-19 16:21:51,5.0
2017-10-19 08:47:58,1.0
2017-10-16 12:25:55,4.0
2017-10-14 05:46:35,5.0
2017-10-12 17:41:29,4.0
2017-10-12 10:59:17,5.0
2017-10-12 10:58:51,4.0
2017-10-09 04:28:08,1.0
2017-10-08 14:08:30,2.0
2017-10-08 09:08:16,5.0
2017-10-03 08:03:16,5.0
2017-10-03 06:58:17,4.0
2017-10-01 07:06:09,3.0
2017-10-01 03:33:51,4.0
2017-09-30 04:33:56,4.0
2017-09-27 08:20:09,3.0
2017-09-25 08:07:08,1.0
2017-09-24 16:20:01,2.0
2017-09-21 09:44:20,5.0
2017-09-18 07:01:17,4.0
2017-09-18 04:17:11,5.0
2017-09-17 01:08:26,5.0
2017-09-15 17:10:52,4.0
2017-09-15 16:49:20,2.0
2017-09-15 07:26:48,4.0
2017-09-15 04:52:55,5.0
2017-09-14 05:23:06,5.0
2017-09-13 21:00:02,4.0
2017-09-13 11:41:49,5.0
2017-09-11 15:49:01,4.0
2017-09-10 12:29:10,5.0
2017-09-09 03:18:55,5.0
2017-09-07 03:49:22,4.0
2017-09-07 03:45:28,4.0
2017-09-07 03:18:34,5.0
2017-09-06 08:14:40,3.0
2017-09-01 14:44:51,4.0
2017-08-29 04:16:22,4.0
2017-08-22 04:10:23,4.0
2017-08-20 05:23:58,3.0
2017-08-17 04:44:15,2.0
2017-08-16 03:30:42,4.0
2017-08-14 14:24:56,3.0
2017-08-13 02:06:01,2.0
2017-08-11 18:38:59,5.0
2017-08-11 06:04:01,3.0
2017-08-10 07:25:33,4.0
2017-08-07 06:20:30,5.0
2017-08-05 18:30:10,4.0
2017-08-05 16:31:31,3.0
2017-07-31 15:27:56,5.0
2017-07-31 05:29:19,5.0
2017-07-26 09:08:02,4.0
2017-07-23 03:07:10,5.0
2017-07-18 07:00:47,3.0
2017-07-12 03:41:58,4.0
2017-07-07 16:32:34,4.0
2017-07-05 11:12:13,4.0
2017-07-04 08:13:08,2.0
2017-07-02 04:42:06,5.0
2017-06-28 07:15:24,5.0
2017-06-27 05:29:03,4.0
2017-06-23 19:18:10,3.0
2017-06-23 00:48:37,4.0
2017-06-21 18:43:03,4.0
2017-06-18 14:58:17,3.0
2017-06-17 05:02:22,5.0
2017-06-12 10:22:24,4.0
2017-06-07 13:31:46,1.0
2017-06-06 05:31:35,5.0
2017-06-05 15:41:44,3.0
2017-06-03 02:02:12,4.0
2017-05-31 03:44:31,2.0
2017-05-27 07:22:33,5.0
2017-05-23 15:45:37,5.0
2017-05-23 06:56:46,5.0
2017-05-20 17:55:04,5.0
2017-05-20 14:19:45,3.0
2017-05-19 15:08:15,4.0
2017-05-17 19:14:52,4.0
2017-05-14 10:51:09,3.0
2017-05-13 15:11:09,3.0
2017-05-10 03:04:15,3.0
2017-04-23 15:35:09,3.0
2017-04-23 09:06:38,4.0
2017-04-21 12:15:17,5.0
2017-04-17 03:51:19,4.0
2017-04-16 02:10:04,5.0
2017-04-02 20:09:49,4.0
2017-03-25 08:53:10,4.0
2017-03-20 04:35:23,4.0
2017-03-14 02:49:07,5.0
2017-03-07 01:23:38,5.0
2017-02-10 21:22:47,5.0
2017-02-10 13:57:56,5.0
2017-02-04 08:10:51,3.0
2017-01-21 02:09:28,5.0
2017-01-20 02:41:13,4.0
2017-01-19 16:49:44,5.0
2017-01-19 06:24:39,5.0
2017-01-17 08:13:45,1.0
2017-01-12 12:40:23,1.0
2017-01-08 17:59:00,3.0
2016-12-26 01:51:45,4.0
2016-12-24 14:54:02,5.0
2016-12-01 14:19:35,5.0
2016-11-08 17:11:17,4.0
2016-10-19 17:07:37,2.0
2016-10-02 09:25:47,4.0
2016-09-30 07:24:21,5.0
2016-09-27 02:25:48,5.0
2016-08-22 08:44:43,5.0
2016-07-09 11:00:49,5.0
2016-06-21 10:18:30,4.0
2016-05-03 03:07:40,3.0
2016-03-15 02:11:29,4.0
2016-01-28 11:54:58,1.0
2016-01-27 16:28:56,5.0
2015-07-01 14:26:22,5.0
2014-10-02 10:52:28,3.0
2014-05-20 08:55:14,4.0
2013-04-22 19:15:52,2.0
2012-07-14 11:39:26,2.0
2025-12-26 03:49:53,4
2025-12-26 00:51:03,5
